GENE SYMBOL	GENE ID (HGNC)	DISEASE LABEL	DISEASE ID (MONDO)	MOI	SOP	CLASSIFICATION	ONLINE REPORT	CLASSIFICATION DATE	GCEP
ABCC1	HGNC:51	autosomal dominant nonsyndromic hearing loss	MONDO:0019587	AD	SOP11	Limited	https://search.clinicalgenome.org/kb/gene-validity/CGGV:assertion_cdf6b5bc-f8f6-46f5-abc1-c336cd9121be-2025-10-08T160000.000Z	2025-10-08T16:00:00.000Z	Hearing Loss Gene Curation Expert Panel
ABHD12	HGNC:15868	PHARC syndrome	MONDO:0012984	AR	SOP5	Definitive	https://search.clinicalgenome.org/kb/gene-validity/CGGV:assertion_ccd68c20-2024-4239-be51-26697e19a6b4-2018-06-26T160000.000Z	2018-06-26T16:00:00.000Z	Hearing Loss Gene Curation Expert Panel
ACTG1	HGNC:144	Baraitser-winter syndrome 2	MONDO:0013812	AD	SOP6	Definitive	https://search.clinicalgenome.org/kb/gene-validity/CGGV:assertion_9969a221-1ce9-44c6-8ab7-2ad5f7ccd5ab-2019-01-07T170000.000Z	2019-01-07T17:00:00.000Z	Hearing Loss Gene Curation Expert Panel
ACTG1	HGNC:144	nonsyndromic genetic hearing loss	MONDO:0019497	AD	SOP6	Definitive	https://search.clinicalgenome.org/kb/gene-validity/CGGV:assertion_db9f5d19-5ebc-4a1a-a4c3-79ff27f69a0e-2019-01-07T170000.000Z	2019-01-07T17:00:00.000Z	Hearing Loss Gene Curation Expert Panel
ADCY1	HGNC:232	nonsyndromic genetic hearing loss	MONDO:0019497	AR	SOP11	Limited	https://search.clinicalgenome.org/kb/gene-validity/CGGV:assertion_8dc7be09-eeed-4bd3-8a00-ab4e89af3bae-2024-10-31T160000.000Z	2024-10-31T16:00:00.000Z	Hearing Loss Gene Curation Expert Panel
ADGRV1	HGNC:17416	Usher syndrome type 2	MONDO:0016484	AR	SOP4	Definitive	https://search.clinicalgenome.org/kb/gene-validity/CGGV:assertion_992d2cd7-5305-4278-9601-3e59ac1a8770-2017-02-15T170000.000Z	2017-02-15T17:00:00.000Z	Hearing Loss Gene Curation Expert Panel
ADGRV1	HGNC:17416	nonsyndromic genetic hearing loss	MONDO:0019497	AR	SOP6	Disputed	https://search.clinicalgenome.org/kb/gene-validity/CGGV:assertion_1f3dc96a-8fd3-4d30-98fd-1b1cf264e818-2019-03-19T160000.000Z	2019-03-19T16:00:00.000Z	Hearing Loss Gene Curation Expert Panel
AFG2B	HGNC:28762	hearing loss, autosomal recessive 119	MONDO:0030480	AR	SOP10	Limited	https://search.clinicalgenome.org/kb/gene-validity/CGGV:assertion_e11de007-664f-4359-830e-fcb94ca09474-2024-02-21T170000.000Z	2024-02-21T17:00:00.000Z	Hearing Loss Gene Curation Expert Panel
AIFM1	HGNC:8768	X-linked hereditary sensory and autonomic neuropathy with hearing loss	MONDO:0010378	XL	SOP11	Definitive	https://search.clinicalgenome.org/kb/gene-validity/CGGV:assertion_a7afc3bb-7fce-45fd-a275-87277e22b1eb-2025-08-26T160000.000Z	2025-08-26T16:00:00.000Z	Hearing Loss Gene Curation Expert Panel
ALMS1	HGNC:428	Alstrom syndrome	MONDO:0008763	AR	SOP4	Definitive	https://search.clinicalgenome.org/kb/gene-validity/CGGCIEX:assertion_6238	2017-02-10T00:00:00	Hearing Loss Gene Curation Expert Panel
ATP11A	HGNC:13552	autosomal dominant nonsyndromic hearing loss	MONDO:0019587	AD	SOP11	Moderate	https://search.clinicalgenome.org/kb/gene-validity/CGGV:assertion_d997f862-6a13-4da1-93cb-8fab590f87a8-2025-05-21T160000.000Z	2025-05-21T16:00:00.000Z	Hearing Loss Gene Curation Expert Panel
ATP2B2	HGNC:815	autosomal dominant nonsyndromic hearing loss	MONDO:0019587	AD	SOP11	Definitive	https://search.clinicalgenome.org/kb/gene-validity/CGGV:assertion_193d07d0-5e1a-4ea1-84d6-377eb8fb5e7f-2025-07-22T160000.000Z	2025-07-22T16:00:00.000Z	Hearing Loss Gene Curation Expert Panel
ATP6V1B1	HGNC:853	renal tubular acidosis, distal, 2, with progressive sensorineural hearing loss	MONDO:0009968	AR	SOP12	Definitive	https://search.clinicalgenome.org/kb/gene-validity/CGGV:assertion_c74d3789-9cfc-4be3-b23d-baf610620e6c-2026-02-18T050000.000Z	2026-02-18T05:00:00.000Z	Hearing Loss Gene Curation Expert Panel
BCS1L	HGNC:1020	Bjornstad syndrome	MONDO:0009872	AR	SOP6	Definitive	https://search.clinicalgenome.org/kb/gene-validity/CGGV:assertion_7a26b6b5-e703-43fc-bcd0-eaff67ef8107-2018-07-09T160000.000Z	2018-07-09T16:00:00.000Z	Hearing Loss Gene Curation Expert Panel
BDP1	HGNC:13652	nonsyndromic genetic hearing loss	MONDO:0019497	AR	SOP8	Limited	https://search.clinicalgenome.org/kb/gene-validity/CGGV:assertion_d300a54b-171c-4445-a138-a24409e99aae-2021-03-26T160000.000Z	2021-03-26T16:00:00.000Z	Hearing Loss Gene Curation Expert Panel
BSND	HGNC:16512	Bartter disease type 4A	MONDO:0011242	AR	SOP5	Definitive	https://search.clinicalgenome.org/kb/gene-validity/CGGV:assertion_9b69acb1-93bc-4bc0-8a33-77bf64179c32-2018-07-10T160000.000Z	2018-07-10T16:00:00.000Z	Hearing Loss Gene Curation Expert Panel
BTD	HGNC:1122	biotinidase deficiency	MONDO:0009665	AR	SOP6	Definitive	https://search.clinicalgenome.org/kb/gene-validity/CGGV:assertion_847f7f2b-575f-4a90-bf02-179d464e4841-2020-02-10T180000.000Z	2020-02-10T18:00:00.000Z	Hearing Loss Gene Curation Expert Panel
CABP2	HGNC:1385	nonsyndromic genetic hearing loss	MONDO:0019497	AR	SOP7	Definitive	https://search.clinicalgenome.org/kb/gene-validity/CGGV:assertion_20de88d2-6681-4522-9e11-26cdf66a2c15-2020-02-06T170000.000Z	2020-02-06T17:00:00.000Z	Hearing Loss Gene Curation Expert Panel
CACNA1D	HGNC:1391	sinoatrial node dysfunction and deafness	MONDO:0013960	AR	SOP10	Moderate	https://search.clinicalgenome.org/kb/gene-validity/CGGV:assertion_8249f2c1-ff59-4ea2-8e7e-11256c73433e-2024-04-17T160000.000Z	2024-04-17T16:00:00.000Z	Hearing Loss Gene Curation Expert Panel
CCDC50	HGNC:18111	nonsyndromic genetic hearing loss	MONDO:0019497	AD	SOP10	Limited	https://search.clinicalgenome.org/kb/gene-validity/CGGV:assertion_cf656dcb-6644-41bb-a29a-d7bdf54b28f7-2024-06-25T160000.000Z	2024-06-25T16:00:00.000Z	Hearing Loss Gene Curation Expert Panel
CD164	HGNC:1632	autosomal dominant nonsyndromic hearing loss	MONDO:0019587	AD	SOP10	Moderate	https://search.clinicalgenome.org/kb/gene-validity/CGGV:assertion_e9524ca4-7d17-4691-b650-0d457531c7fd-2024-06-25T160000.000Z	2024-06-25T16:00:00.000Z	Hearing Loss Gene Curation Expert Panel
CDC14A	HGNC:1718	hearing impairment and infertile male syndrome	MONDO:0100069	AR	SOP9	Strong	https://search.clinicalgenome.org/kb/gene-validity/CGGV:assertion_144089d2-83ec-4c6c-8b43-9a4cae801d51-2023-06-01T160000.000Z	2023-06-01T16:00:00.000Z	Hearing Loss Gene Curation Expert Panel
CDC14A	HGNC:1718	nonsyndromic genetic hearing loss	MONDO:0019497	AR	SOP11	Definitive	https://search.clinicalgenome.org/kb/gene-validity/CGGV:assertion_e869e4b1-30e2-4d9b-9b69-124903d7b307-2025-02-25T170000.000Z	2025-02-25T17:00:00.000Z	Hearing Loss Gene Curation Expert Panel
CDH23	HGNC:13733	nonsyndromic genetic hearing loss	MONDO:0019497	AR	SOP6	Definitive	https://search.clinicalgenome.org/kb/gene-validity/CGGV:assertion_f5799772-f233-4004-99a8-e6a0dddf0e8b-2018-05-22T040000.000Z	2018-05-22T04:00:00.000Z	Hearing Loss Gene Curation Expert Panel
CEACAM16	HGNC:31948	nonsyndromic genetic hearing loss	MONDO:0019497	AR	SOP9	Strong	https://search.clinicalgenome.org/kb/gene-validity/CGGV:assertion_bcc9ab02-1df0-485a-a806-2651171120cd-2022-12-21T170000.000Z	2022-12-21T17:00:00.000Z	Hearing Loss Gene Curation Expert Panel
CEACAM16	HGNC:31948	nonsyndromic genetic hearing loss	MONDO:0019497	AD	SOP9	Moderate	https://search.clinicalgenome.org/kb/gene-validity/CGGV:assertion_e25cadf1-752a-495d-aaf2-30565519518a-2022-09-21T160000.000Z	2022-09-21T16:00:00.000Z	Hearing Loss Gene Curation Expert Panel
CEMIP	HGNC:29213	nonsyndromic genetic hearing loss	MONDO:0019497	AR	SOP6	Disputed	https://search.clinicalgenome.org/kb/gene-validity/CGGV:assertion_27d840d2-1f58-4d1c-9f6e-307db9f41b60-2018-07-17T160000.000Z	2018-07-17T16:00:00.000Z	Hearing Loss Gene Curation Expert Panel
CEP250	HGNC:1859	cone-rod dystrophy and hearing loss 2	MONDO:0020780	AR	SOP11	Definitive	https://search.clinicalgenome.org/kb/gene-validity/CGGV:assertion_0f7cc857-5ea9-474b-9c4d-8edd5c97c89a-2025-07-16T160000.000Z	2025-07-16T16:00:00.000Z	Hearing Loss Gene Curation Expert Panel
CEP78	HGNC:25740	cone-rod dystrophy and hearing loss	MONDO:0014980	AR	SOP4	Strong	https://search.clinicalgenome.org/kb/gene-validity/CGGCIEX:assertion_8149	2017-04-12T00:00:00	Hearing Loss Gene Curation Expert Panel
CHD7	HGNC:20626	CHARGE syndrome	MONDO:0008965	AD	SOP12	Definitive	https://search.clinicalgenome.org/kb/gene-validity/CGGV:assertion_26ae5799-567b-431b-b981-3bc2f8635802-2026-06-03T160000.000Z	2026-06-03T16:00:00.000Z	Hearing Loss Gene Curation Expert Panel
CIB2	HGNC:24579	Usher syndrome type 1	MONDO:0010168	AR	SOP6	Refuted	https://search.clinicalgenome.org/kb/gene-validity/CGGV:assertion_95709038-78a4-4043-a054-9cbe245d2588-2019-02-19T170000.000Z	2019-02-19T17:00:00.000Z	Hearing Loss Gene Curation Expert Panel
CIB2	HGNC:24579	nonsyndromic genetic hearing loss	MONDO:0019497	AR	SOP6	Definitive	https://search.clinicalgenome.org/kb/gene-validity/CGGV:assertion_d4187cb6-182f-43fc-aeec-d27297c36bdb-2018-02-20T170000.000Z	2018-02-20T17:00:00.000Z	Hearing Loss Gene Curation Expert Panel
CISD2	HGNC:24212	Wolfram syndrome	MONDO:0018105	AR	SOP9	Definitive	https://search.clinicalgenome.org/kb/gene-validity/CGGV:assertion_0a18d59c-c00c-4bb3-b6d6-1e59b92d1313-2023-06-01T160000.000Z	2023-06-01T16:00:00.000Z	Hearing Loss Gene Curation Expert Panel
CLDN14	HGNC:2035	nonsyndromic genetic hearing loss	MONDO:0019497	AR	SOP6	Definitive	https://search.clinicalgenome.org/kb/gene-validity/CGGV:assertion_17528cdb-97e0-4128-92de-9e419902aa62-2018-05-01T160000.000Z	2018-05-01T16:00:00.000Z	Hearing Loss Gene Curation Expert Panel
CLDN9	HGNC:2051	hearing loss, autosomal recessive 116	MONDO:0033670	AR	SOP12	Moderate	https://search.clinicalgenome.org/kb/gene-validity/CGGV:assertion_32bf9c8b-adb6-426d-bd93-01c3d9818baf-2026-02-18T170000.000Z	2026-02-18T17:00:00.000Z	Hearing Loss Gene Curation Expert Panel
CLPP	HGNC:2084	Perrault syndrome 3	MONDO:0013588	AR	SOP6	Definitive	https://search.clinicalgenome.org/kb/gene-validity/CGGV:assertion_15291cb2-a541-4f88-91c8-0b441e3b64cb-2018-03-27T160000.000Z	2018-03-27T16:00:00.000Z	Hearing Loss Gene Curation Expert Panel
CLRN1	HGNC:12605	Usher syndrome type 3	MONDO:0016485	AR	SOP4	Definitive	https://search.clinicalgenome.org/kb/gene-validity/CGGCIEX:assertion_8400	2017-03-02T00:00:00	Hearing Loss Gene Curation Expert Panel
CLRN2	HGNC:33939	nonsyndromic genetic hearing loss	MONDO:0019497	AR	SOP11	Moderate	https://search.clinicalgenome.org/kb/gene-validity/CGGV:assertion_078ef57b-27ff-4a88-b350-d549449c524e-2025-09-23T160000.000Z	2025-09-23T16:00:00.000Z	Hearing Loss Gene Curation Expert Panel
COCH	HGNC:2180	nonsyndromic genetic hearing loss	MONDO:0019497	AD	SOP6	Definitive	https://search.clinicalgenome.org/kb/gene-validity/CGGV:assertion_998da390-3e32-4b80-a733-d64d87d5357b-2018-01-05T170000.000Z	2018-01-05T17:00:00.000Z	Hearing Loss Gene Curation Expert Panel
COL11A1	HGNC:2186	autosomal dominant nonsyndromic hearing loss	MONDO:0019587	AD	SOP11	Moderate	https://search.clinicalgenome.org/kb/gene-validity/CGGV:assertion_72d6c6cc-1332-45c0-ba33-fd6e2c17e7fb-2025-06-18T160000.000Z	2025-06-18T16:00:00.000Z	Hearing Loss Gene Curation Expert Panel
COL11A2	HGNC:2187	nonsyndromic genetic hearing loss	MONDO:0019497	AD	SOP9	Definitive	https://search.clinicalgenome.org/kb/gene-validity/CGGV:assertion_0665772a-ba94-4561-b597-364f7db7e4ca-2023-11-15T170000.000Z	2023-11-15T17:00:00.000Z	Hearing Loss Gene Curation Expert Panel
COL11A2	HGNC:2187	nonsyndromic genetic hearing loss	MONDO:0019497	AR	SOP10	Moderate	https://search.clinicalgenome.org/kb/gene-validity/CGGV:assertion_561327b9-7c55-40c3-b83c-5a3ed9d75606-2023-11-15T170000.000Z	2023-11-15T17:00:00.000Z	Hearing Loss Gene Curation Expert Panel
COL11A2	HGNC:2187	otospondylomegaepiphyseal dysplasia	MONDO:0008975	AD	SOP7	Definitive	https://search.clinicalgenome.org/kb/gene-validity/CGGV:assertion_177bddd8-0566-4f80-a9f1-679ca96a7c60-2018-12-20T170000.000Z	2018-12-20T17:00:00.000Z	Hearing Loss Gene Curation Expert Panel
COL11A2	HGNC:2187	otospondylomegaepiphyseal dysplasia	MONDO:0008975	AR	SOP8	Definitive	https://search.clinicalgenome.org/kb/gene-validity/CGGV:assertion_27b13a91-0a04-4393-bf1c-4f8418154c9b-2018-12-20T170000.000Z	2018-12-20T17:00:00.000Z	Hearing Loss Gene Curation Expert Panel
COL4A5	HGNC:2207	Alport syndrome	MONDO:0018965	XL	SOP6	Definitive	https://search.clinicalgenome.org/kb/gene-validity/CGGV:assertion_0407dc2e-1cab-4043-889d-4695b043d7b3-2019-03-19T160000.000Z	2019-03-19T16:00:00.000Z	Hearing Loss Gene Curation Expert Panel
COL4A6	HGNC:2208	hearing loss, X-linked 6	MONDO:0010484	XL	SOP8	Limited	https://search.clinicalgenome.org/kb/gene-validity/CGGV:assertion_d026ef00-c6f3-4aa8-a61a-b354b68fe043-2022-02-16T170000.000Z	2022-02-16T17:00:00.000Z	Hearing Loss Gene Curation Expert Panel
COL9A1	HGNC:2217	Stickler syndrome, type 4	MONDO:0013590	AR	SOP11	Definitive	https://search.clinicalgenome.org/kb/gene-validity/CGGV:assertion_9bf2ef93-7886-464c-b177-4ed189c935ff-2025-10-08T160000.000Z	2025-10-08T16:00:00.000Z	Hearing Loss Gene Curation Expert Panel
COL9A2	HGNC:2218	Stickler syndrome	MONDO:0019354	AR	SOP5	Limited	https://search.clinicalgenome.org/kb/gene-validity/CGGV:assertion_697ae26e-2b07-4f87-b42c-121684c89bc0-2019-02-19T170000.000Z	2019-02-19T17:00:00.000Z	Hearing Loss Gene Curation Expert Panel
COL9A3	HGNC:2219	Stickler syndrome	MONDO:0019354	AR	SOP9	Definitive	https://search.clinicalgenome.org/kb/gene-validity/CGGV:assertion_a436c41e-0873-4e4c-b2f2-d56f75ca737a-2022-12-21T050000.000Z	2022-12-21T05:00:00.000Z	Hearing Loss Gene Curation Expert Panel
CRYM	HGNC:2418	nonsyndromic genetic hearing loss	MONDO:0019497	AD	SOP8	Limited	https://search.clinicalgenome.org/kb/gene-validity/CGGV:assertion_d15cf48a-3696-467a-b3c8-a45ef5a577bf-2021-09-21T160000.000Z	2021-09-21T16:00:00.000Z	Hearing Loss Gene Curation Expert Panel
DCDC2	HGNC:18141	nonsyndromic genetic hearing loss	MONDO:0019497	AR	SOP7	Limited	https://search.clinicalgenome.org/kb/gene-validity/CGGV:assertion_86802e37-e2a5-43b9-8538-e104859b4c55-2020-08-31T170000.000Z	2020-08-31T17:00:00.000Z	Hearing Loss Gene Curation Expert Panel
DIABLO	HGNC:21528	nonsyndromic genetic hearing loss	MONDO:0019497	AD	SOP8	Limited	https://search.clinicalgenome.org/kb/gene-validity/CGGV:assertion_f5903c3b-b2d7-4c14-b196-37533187d807-2021-09-21T160000.000Z	2021-09-21T16:00:00.000Z	Hearing Loss Gene Curation Expert Panel
DIAPH1	HGNC:2876	DIAPH1-related sensorineural hearing loss-thrombocytopenia syndrome	MONDO:0044635	AD	SOP6	Definitive	https://search.clinicalgenome.org/kb/gene-validity/CGGV:assertion_43c017fd-ce70-4fbe-ad30-90f216adaa7d-2018-01-05T170000.000Z	2018-01-05T17:00:00.000Z	Hearing Loss Gene Curation Expert Panel
DIAPH3	HGNC:15480	auditory neuropathy	MONDO:0021944	AD	SOP7	Limited	https://search.clinicalgenome.org/kb/gene-validity/CGGV:assertion_fc54aaf6-8e1b-4c98-bcbe-e1f337f6eadc-2020-02-06T170000.000Z	2020-02-06T17:00:00.000Z	Hearing Loss Gene Curation Expert Panel
DMXL2	HGNC:2938	nonsyndromic genetic hearing loss	MONDO:0019497	AD	SOP7	Limited	https://search.clinicalgenome.org/kb/gene-validity/CGGV:assertion_746b46e8-0621-4879-80a1-4fb1679975be-2020-02-06T170000.000Z	2020-02-06T17:00:00.000Z	Hearing Loss Gene Curation Expert Panel
DNMT1	HGNC:2976	autosomal dominant cerebellar ataxia, deafness and narcolepsy	MONDO:0011397	AD	SOP4	Definitive	https://search.clinicalgenome.org/kb/gene-validity/CGGCIEX:assertion_6235	2017-02-10T00:00:00	Hearing Loss Gene Curation Expert Panel
DSPP	HGNC:3054	dentinogenesis imperfecta	MONDO:0018849	AD	SOP6	Definitive	https://search.clinicalgenome.org/kb/gene-validity/CGGV:assertion_39f5492a-97a3-49a6-929d-f24f23b51217-2018-04-17T160000.000Z	2018-04-17T16:00:00.000Z	Hearing Loss Gene Curation Expert Panel
EDN3	HGNC:3178	Waardenburg syndrome type 4B	MONDO:0013201	AD	SOP5	Limited	https://search.clinicalgenome.org/kb/gene-validity/CGGV:assertion_04e39ada-cd77-43f0-98f3-7b4a37668a96-2018-05-08T160000.000Z	2018-05-08T16:00:00.000Z	Hearing Loss Gene Curation Expert Panel
EDN3	HGNC:3178	Waardenburg syndrome type 4B	MONDO:0013201	AR	SOP9	Moderate	https://search.clinicalgenome.org/kb/gene-validity/CGGV:assertion_7f88c34c-a093-4fc8-b84a-49c7d2dd327f-2023-06-29T160000.000Z	2023-06-29T16:00:00.000Z	Hearing Loss Gene Curation Expert Panel
EDNRB	HGNC:3180	Waardenburg syndrome type 4A	MONDO:0010192	AD	SOP6	Limited	https://search.clinicalgenome.org/kb/gene-validity/CGGV:assertion_73ee9727-60c1-40fd-830f-08c2b513d2ee-2018-05-08T160000.000Z	2018-05-08T16:00:00.000Z	Hearing Loss Gene Curation Expert Panel
EDNRB	HGNC:3180	Waardenburg syndrome type 4A	MONDO:0010192	AR	SOP9	Moderate	https://search.clinicalgenome.org/kb/gene-validity/CGGV:assertion_d7abbd45-7915-437b-849b-dea876bfc2f5-2023-06-27T160000.000Z	2023-06-27T16:00:00.000Z	Hearing Loss Gene Curation Expert Panel
ELMOD3	HGNC:26158	nonsyndromic genetic hearing loss	MONDO:0019497	AD	SOP8	Limited	https://search.clinicalgenome.org/kb/gene-validity/CGGV:assertion_86999665-43b6-4824-b5e5-81b2a6dd8034-2021-11-17T170000.000Z	2021-11-17T17:00:00.000Z	Hearing Loss Gene Curation Expert Panel
ELMOD3	HGNC:26158	nonsyndromic genetic hearing loss	MONDO:0019497	AR	SOP8	Limited	https://search.clinicalgenome.org/kb/gene-validity/CGGV:assertion_95f5efe3-e0d1-4cef-b475-7ff1cd3c417c-2021-11-17T170000.000Z	2021-11-17T17:00:00.000Z	Hearing Loss Gene Curation Expert Panel
EPS8	HGNC:3420	autosomal recessive nonsyndromic hearing loss 102	MONDO:0014428	AR	SOP7	Moderate	https://search.clinicalgenome.org/kb/gene-validity/CGGV:assertion_7a6bd2bf-8ede-45cb-a1c1-65ee5221b440-2020-02-06T171614.553Z	2020-02-06T17:16:14.553Z	Hearing Loss Gene Curation Expert Panel
EPS8L2	HGNC:21296	nonsyndromic genetic hearing loss	MONDO:0019497	AR	SOP7	Moderate	https://search.clinicalgenome.org/kb/gene-validity/CGGV:assertion_e0022ad7-8497-4139-94a7-2546ba482c88-2020-02-05T170000.000Z	2020-02-05T17:00:00.000Z	Hearing Loss Gene Curation Expert Panel
ESPN	HGNC:13281	nonsyndromic genetic hearing loss	MONDO:0019497	AR	SOP6	Definitive	https://search.clinicalgenome.org/kb/gene-validity/CGGV:assertion_7c63a581-ad69-4f18-b68b-d1b2cef5e699-2018-02-27T170000.000Z	2018-02-27T17:00:00.000Z	Hearing Loss Gene Curation Expert Panel
ESPN	HGNC:13281	nonsyndromic genetic hearing loss	MONDO:0019497	AD	SOP5	Limited	https://search.clinicalgenome.org/kb/gene-validity/CGGV:assertion_9bdbd958-1ad2-447a-9ccd-ed86f308577a-2018-02-27T170000.000Z	2018-02-27T17:00:00.000Z	Hearing Loss Gene Curation Expert Panel
ESRP1	HGNC:25966	nonsyndromic genetic hearing loss	MONDO:0019497	AR	SOP11	Limited	https://search.clinicalgenome.org/kb/gene-validity/CGGV:assertion_59032887-828f-44ad-9cbd-192f1604a8f5-2025-07-22T160000.000Z	2025-07-22T16:00:00.000Z	Hearing Loss Gene Curation Expert Panel
ESRRB	HGNC:3473	nonsyndromic genetic hearing loss	MONDO:0019497	AR	SOP6	Definitive	https://search.clinicalgenome.org/kb/gene-validity/CGGV:assertion_03c875bb-70aa-4652-a7f2-35df1065165b-2018-04-24T160000.000Z	2018-04-24T16:00:00.000Z	Hearing Loss Gene Curation Expert Panel
EYA1	HGNC:3519	branchio-oto-renal syndrome	MONDO:0007029	AD	SOP5	Definitive	https://search.clinicalgenome.org/kb/gene-validity/CGGV:assertion_dca41ef6-ee63-4b1f-93d3-8b114dafcc58-2017-11-21T170000.000Z	2017-11-21T17:00:00.000Z	Hearing Loss Gene Curation Expert Panel
EYA4	HGNC:3522	nonsyndromic genetic hearing loss	MONDO:0019497	AD	SOP6	Definitive	https://search.clinicalgenome.org/kb/gene-validity/CGGV:assertion_21c75059-bd7b-48ef-a828-28ffebe52ca0-2018-01-05T170000.000Z	2018-01-05T17:00:00.000Z	Hearing Loss Gene Curation Expert Panel
FGF3	HGNC:3681	deafness with labyrinthine aplasia, microtia, and microdontia	MONDO:0012541	AR	SOP6	Definitive	https://search.clinicalgenome.org/kb/gene-validity/CGGV:assertion_5ca11e8c-6703-4be5-a8c2-82e6dcc865e4-2019-05-21T160000.000Z	2019-05-21T16:00:00.000Z	Hearing Loss Gene Curation Expert Panel
FOXI1	HGNC:3815	enlarged vestibular aqueduct syndrome	MONDO:0023069	AR	SOP5	Disputed	https://search.clinicalgenome.org/kb/gene-validity/CGGV:assertion_d3a6b8fa-01d1-4f32-a45e-9c9582e14280-2018-02-27T170000.000Z	2018-02-27T17:00:00.000Z	Hearing Loss Gene Curation Expert Panel
FOXI1	HGNC:3815	hearing loss disorder	MONDO:0005365	AR	SOP9	Limited	https://search.clinicalgenome.org/kb/gene-validity/CGGV:assertion_0bb41557-8ccc-4084-b4b0-d4ede42d8f36-2022-03-16T160000.000Z	2022-03-16T16:00:00.000Z	Hearing Loss Gene Curation Expert Panel
GATA3	HGNC:4172	hypoparathyroidism-deafness-renal disease syndrome	MONDO:0007797	AD	SOP6	Definitive	https://search.clinicalgenome.org/kb/gene-validity/CGGV:assertion_afb6e0d5-81a5-439a-a498-9edc8505a367-2019-06-18T160000.000Z	2019-06-18T16:00:00.000Z	Hearing Loss Gene Curation Expert Panel
GIPC3	HGNC:18183	nonsyndromic genetic hearing loss	MONDO:0019497	AR	SOP6	Definitive	https://search.clinicalgenome.org/kb/gene-validity/CGGV:assertion_e5feebe1-59a9-4e28-ad85-aec5cad6b54e-2017-08-22T160000.000Z	2017-08-22T16:00:00.000Z	Hearing Loss Gene Curation Expert Panel
GJA1	HGNC:4274	nonsyndromic genetic hearing loss	MONDO:0019497	AD	SOP8	Disputed	https://search.clinicalgenome.org/kb/gene-validity/CGGV:assertion_9e428d8c-42a2-430b-babd-8beceb26197e-2022-03-16T160000.000Z	2022-03-16T16:00:00.000Z	Hearing Loss Gene Curation Expert Panel
GJB2	HGNC:4284	hearing loss disorder	MONDO:0005365	AD	SOP12	Definitive	https://search.clinicalgenome.org/kb/gene-validity/CGGV:assertion_9d7b8505-4def-4b99-a8a2-853c07e9969e-2018-06-26T160000.000Z	2018-06-26T16:00:00.000Z	Hearing Loss Gene Curation Expert Panel
GJB2	HGNC:4284	nonsyndromic genetic hearing loss	MONDO:0019497	AR	SOP10	Definitive	https://search.clinicalgenome.org/kb/gene-validity/CGGV:assertion_9af2d792-a1fc-4b96-ae23-ee7a31dd2f99-2024-09-24T160000.000Z	2024-09-24T16:00:00.000Z	Hearing Loss Gene Curation Expert Panel
GJB3	HGNC:4285	erythrokeratodermia variabilis	MONDO:0017851	AD	SOP9	Definitive	https://search.clinicalgenome.org/kb/gene-validity/CGGV:assertion_1d48c959-31d8-44e2-985c-c48921e8f08a-2023-06-01T160000.000Z	2023-06-01T16:00:00.000Z	Hearing Loss Gene Curation Expert Panel
GJB3	HGNC:4285	nonsyndromic genetic hearing loss	MONDO:0019497	AD	SOP5	Disputed	https://search.clinicalgenome.org/kb/gene-validity/CGGV:assertion_f83e013a-685f-405b-89d6-a8e80aefaf6e-2018-02-27T170000.000Z	2018-02-27T17:00:00.000Z	Hearing Loss Gene Curation Expert Panel
GJB6	HGNC:4288	Clouston syndrome	MONDO:0007510	AD	SOP6	Definitive	https://search.clinicalgenome.org/kb/gene-validity/CGGV:assertion_ff18d307-80a8-44b8-8b1a-e26e8a7d912a-2018-04-17T160000.000Z	2018-04-17T16:00:00.000Z	Hearing Loss Gene Curation Expert Panel
GJB6	HGNC:4288	nonsyndromic genetic hearing loss	MONDO:0019497	AR	SOP5	Refuted	https://search.clinicalgenome.org/kb/gene-validity/CGGV:assertion_f281869c-25e5-44ad-94e7-c7d6374755fd-2018-04-17T160000.000Z	2018-04-17T16:00:00.000Z	Hearing Loss Gene Curation Expert Panel
GPSM2	HGNC:29501	Chudley-McCullough syndrome	MONDO:0011411	AR	SOP6	Definitive	https://search.clinicalgenome.org/kb/gene-validity/CGGV:assertion_cd40cf49-a25c-450b-be6b-b80eef958f4c-2018-05-01T160000.000Z	2018-05-01T16:00:00.000Z	Hearing Loss Gene Curation Expert Panel
GRAP	HGNC:4562	nonsyndromic genetic hearing loss	MONDO:0019497	AR	SOP11	Limited	https://search.clinicalgenome.org/kb/gene-validity/CGGV:assertion_3df063a4-6988-46c7-a78f-4e4bddb7a020-2026-01-21T170000.000Z	2026-01-21T17:00:00.000Z	Hearing Loss Gene Curation Expert Panel
GRHL2	HGNC:2799	nonsyndromic genetic hearing loss	MONDO:0019497	AD	SOP7	Definitive	https://search.clinicalgenome.org/kb/gene-validity/CGGV:assertion_a2ca9952-b611-4e6f-bbf8-aa5175248d01-2020-05-01T160000.000Z	2020-05-01T16:00:00.000Z	Hearing Loss Gene Curation Expert Panel
GRXCR1	HGNC:31673	nonsyndromic genetic hearing loss	MONDO:0019497	AR	SOP6	Definitive	https://search.clinicalgenome.org/kb/gene-validity/CGGV:assertion_4becaf23-4b72-4dd1-a5aa-4deccbb394ea-2018-04-24T040000.000Z	2018-04-24T04:00:00.000Z	Hearing Loss Gene Curation Expert Panel
GRXCR2	HGNC:33862	nonsyndromic genetic hearing loss	MONDO:0019497	AR	SOP8	Moderate	https://search.clinicalgenome.org/kb/gene-validity/CGGV:assertion_207f12b7-3148-4a8f-88f8-f78ac5bb294c-2021-03-26T155748.643Z	2021-03-26T15:57:48.643Z	Hearing Loss Gene Curation Expert Panel
GSDME	HGNC:2810	nonsyndromic genetic hearing loss	MONDO:0019497	AD	SOP5	Definitive	https://search.clinicalgenome.org/kb/gene-validity/CGGV:assertion_9b0a844b-f968-48e0-8940-35584eb3454b-2017-11-21T170000.000Z	2017-11-21T17:00:00.000Z	Hearing Loss Gene Curation Expert Panel
HARS1	HGNC:4816	Usher syndrome type 3	MONDO:0016485	AR	SOP5	Refuted	https://search.clinicalgenome.org/kb/gene-validity/CGGV:assertion_ca3372fa-f205-44e5-8bd9-6c64c40ebd93-2018-02-27T170000.000Z	2018-02-27T17:00:00.000Z	Hearing Loss Gene Curation Expert Panel
HARS2	HGNC:4817	Perrault syndrome 2	MONDO:0013972	AR	SOP6	Limited	https://search.clinicalgenome.org/kb/gene-validity/CGGV:assertion_5c5ed5f6-4068-4e15-a195-6098e4ee2093-2018-05-15T160000.000Z	2018-05-15T16:00:00.000Z	Hearing Loss Gene Curation Expert Panel
HGF	HGNC:4893	nonsyndromic genetic hearing loss	MONDO:0019497	AR	SOP10	Moderate	https://search.clinicalgenome.org/kb/gene-validity/CGGV:assertion_8828a306-1262-4bbf-9661-f3d13d0f44a7-2024-06-25T160000.000Z	2024-06-25T16:00:00.000Z	Hearing Loss Gene Curation Expert Panel
HOMER2	HGNC:17513	nonsyndromic genetic hearing loss	MONDO:0019497	AD	SOP7	Moderate	https://search.clinicalgenome.org/kb/gene-validity/CGGV:assertion_9158c2a6-f11b-47b4-ac7d-45471f7255a1-2020-08-31T170000.000Z	2020-08-31T17:00:00.000Z	Hearing Loss Gene Curation Expert Panel
HSD17B4	HGNC:5213	Perrault syndrome	MONDO:0017312	AR	SOP5	Definitive	https://search.clinicalgenome.org/kb/gene-validity/CGGV:assertion_dbc9308c-2310-4e0a-9354-667dbd3c7d5d-2018-05-22T160000.000Z	2018-05-22T16:00:00.000Z	Hearing Loss Gene Curation Expert Panel
ILDR1	HGNC:28741	nonsyndromic genetic hearing loss	MONDO:0019497	AR	SOP6	Definitive	https://search.clinicalgenome.org/kb/gene-validity/CGGV:assertion_e5e1a608-edc3-405c-805f-a7ed162c2bbc-2017-11-21T170000.000Z	2017-11-21T17:00:00.000Z	Hearing Loss Gene Curation Expert Panel
KARS1	HGNC:6215	nonsyndromic genetic hearing loss	MONDO:0019497	AR	SOP5	Limited	https://search.clinicalgenome.org/kb/gene-validity/CGGV:assertion_f5239ac3-1506-4b0e-9055-632ba895ca0c-2018-02-27T170000.000Z	2018-02-27T17:00:00.000Z	Hearing Loss Gene Curation Expert Panel
KCNJ10	HGNC:6256	enlarged vestibular aqueduct syndrome	MONDO:0023069	AD	SOP5	Disputed	https://search.clinicalgenome.org/kb/gene-validity/CGGV:assertion_09f81c95-1213-4029-a6bd-279e52f240c7-2018-02-20T170000.000Z	2018-02-20T17:00:00.000Z	Hearing Loss Gene Curation Expert Panel
KCNQ1	HGNC:6294	Jervell and Lange-Nielsen syndrome	MONDO:0002441	AR	SOP8	Definitive	https://search.clinicalgenome.org/kb/gene-validity/CGGV:assertion_2cb5cd32-6663-48bc-b8b0-3b9ca34e2cb7-2017-12-19T050000.000Z	2017-12-19T05:00:00.000Z	Hearing Loss Gene Curation Expert Panel
KCNQ4	HGNC:6298	nonsyndromic genetic hearing loss	MONDO:0019497	AD	SOP6	Definitive	https://search.clinicalgenome.org/kb/gene-validity/CGGV:assertion_88196c6d-4bd7-4aff-ba98-c7b4411c562d-2017-11-21T170000.000Z	2017-11-21T17:00:00.000Z	Hearing Loss Gene Curation Expert Panel
KITLG	HGNC:6343	nonsyndromic genetic hearing loss	MONDO:0019497	AD	SOP6	Limited	https://search.clinicalgenome.org/kb/gene-validity/CGGV:assertion_d2934de4-e4d7-41b7-8d12-83372e3b1b28-2018-01-16T170000.000Z	2018-01-16T17:00:00.000Z	Hearing Loss Gene Curation Expert Panel
LARS2	HGNC:17095	Perrault syndrome	MONDO:0017312	AR	SOP9	Definitive	https://search.clinicalgenome.org/kb/gene-validity/CGGV:assertion_8afe11e7-7c53-46e2-b48e-37ee2bc144ce-2023-06-01T160000.000Z	2023-06-01T16:00:00.000Z	Hearing Loss Gene Curation Expert Panel
LHFPL5	HGNC:21253	nonsyndromic genetic hearing loss	MONDO:0019497	AR	SOP6	Definitive	https://search.clinicalgenome.org/kb/gene-validity/CGGV:assertion_8a029f02-3524-4932-9293-9c02304fdd2b-2018-04-24T160000.000Z	2018-04-24T16:00:00.000Z	Hearing Loss Gene Curation Expert Panel
LMX1A	HGNC:6653	autosomal dominant nonsyndromic hearing loss	MONDO:0019587	AD	SOP11	Definitive	https://search.clinicalgenome.org/kb/gene-validity/CGGV:assertion_163f8708-7d3b-424a-826a-76e37260745c-2025-04-22T160000.000Z	2025-04-22T16:00:00.000Z	Hearing Loss Gene Curation Expert Panel
LOXHD1	HGNC:26521	nonsyndromic genetic hearing loss	MONDO:0019497	AR	SOP6	Definitive	https://search.clinicalgenome.org/kb/gene-validity/CGGV:assertion_a35c0909-7546-465c-a069-47e901fce483-2018-05-08T040000.000Z	2018-05-08T04:00:00.000Z	Hearing Loss Gene Curation Expert Panel
LRTOMT	HGNC:25033	autosomal recessive nonsyndromic hearing loss 63	MONDO:0012670	AR	SOP4	Definitive	https://search.clinicalgenome.org/kb/gene-validity/CGGCIEX:assertion_5662	2017-02-15T00:00:00	Hearing Loss Gene Curation Expert Panel
MARVELD2	HGNC:26401	nonsyndromic genetic hearing loss	MONDO:0019497	AR	SOP5	Definitive	https://search.clinicalgenome.org/kb/gene-validity/CGGV:assertion_ba6df3f7-a000-401c-94d9-0dc5cb901f32-2018-01-05T170000.000Z	2018-01-05T17:00:00.000Z	Hearing Loss Gene Curation Expert Panel
MCM2	HGNC:6944	nonsyndromic genetic hearing loss	MONDO:0019497	AD	SOP7	Limited	https://search.clinicalgenome.org/kb/gene-validity/CGGV:assertion_29172723-c896-4cbf-a20b-9921fc72547f-2020-04-21T190000.000Z	2020-04-21T19:00:00.000Z	Hearing Loss Gene Curation Expert Panel
MET	HGNC:7029	nonsyndromic genetic hearing loss	MONDO:0019497	AR	SOP8	Limited	https://search.clinicalgenome.org/kb/gene-validity/CGGV:assertion_f0e6f9ac-f807-48fd-a5b6-bf67c4607e14-2021-03-26T160000.000Z	2021-03-26T16:00:00.000Z	Hearing Loss Gene Curation Expert Panel
MINAR2	HGNC:33914	hearing loss, autosomal recessive 120	MONDO:0859374	AR	SOP12	Strong	https://search.clinicalgenome.org/kb/gene-validity/CGGV:assertion_67b285dd-5876-4103-8b20-cc3b905b65f5-2026-07-15T160000.000Z	2026-07-15T16:00:00.000Z	Hearing Loss Gene Curation Expert Panel
MIR96	HGNC:31648	nonsyndromic genetic hearing loss	MONDO:0019497	AD	SOP9	Moderate	https://search.clinicalgenome.org/kb/gene-validity/CGGV:assertion_01d1a7f4-8421-4be3-8fe7-2c2025f03ac9-2023-09-26T160000.000Z	2023-09-26T16:00:00.000Z	Hearing Loss Gene Curation Expert Panel
MITF	HGNC:7105	Waardenburg syndrome type 2	MONDO:0019517	AD	SOP5	Definitive	https://search.clinicalgenome.org/kb/gene-validity/CGGV:assertion_bc5d40d2-44b5-49b6-97a9-7bdfc39bee49-2017-11-21T170000.000Z	2017-11-21T17:00:00.000Z	Hearing Loss Gene Curation Expert Panel
MPZL2	HGNC:3496	nonsyndromic genetic hearing loss	MONDO:0019497	AR	SOP8	Strong	https://search.clinicalgenome.org/kb/gene-validity/CGGV:assertion_046d28d7-60d8-4c7e-a901-37c86fa6a77e-2021-03-26T160000.000Z	2021-03-26T16:00:00.000Z	Hearing Loss Gene Curation Expert Panel
MSRB3	HGNC:27375	nonsyndromic genetic hearing loss	MONDO:0019497	AR	SOP8	Definitive	https://search.clinicalgenome.org/kb/gene-validity/CGGV:assertion_3ea7c7e0-dc56-4484-b2b6-5e3899d04013-2021-11-30T170000.000Z	2021-11-30T17:00:00.000Z	Hearing Loss Gene Curation Expert Panel
MYH14	HGNC:23212	nonsyndromic genetic hearing loss	MONDO:0019497	AD	SOP7	Moderate	https://search.clinicalgenome.org/kb/gene-validity/CGGV:assertion_007697a5-2f83-40d0-b2ea-914e458a1452-2020-08-31T170000.000Z	2020-08-31T17:00:00.000Z	Hearing Loss Gene Curation Expert Panel
MYH9	HGNC:7579	macrothrombocytopenia and granulocyte inclusions with or without nephritis or sensorineural hearing loss	MONDO:0015912	AD	SOP5	Definitive	https://search.clinicalgenome.org/kb/gene-validity/CGGV:assertion_d6801442-c490-44a0-9a60-84ab5b20f7ac-2018-02-20T050000.000Z	2018-02-20T05:00:00.000Z	Hearing Loss Gene Curation Expert Panel
MYO15A	HGNC:7594	nonsyndromic genetic hearing loss	MONDO:0019497	AR	SOP6	Definitive	https://search.clinicalgenome.org/kb/gene-validity/CGGV:assertion_2cf0898e-5e63-4327-9341-fdf26490beee-2017-11-21T170000.000Z	2017-11-21T17:00:00.000Z	Hearing Loss Gene Curation Expert Panel
MYO1A	HGNC:7595	nonsyndromic genetic hearing loss	MONDO:0019497	AD	SOP6	Refuted	https://search.clinicalgenome.org/kb/gene-validity/CGGV:assertion_3dcc24f7-4cf7-413b-a956-16ad58bcbd36-2018-01-16T170000.000Z	2018-01-16T17:00:00.000Z	Hearing Loss Gene Curation Expert Panel
MYO1C	HGNC:7597	nonsyndromic genetic hearing loss	MONDO:0019497	AD	SOP5	Disputed	https://search.clinicalgenome.org/kb/gene-validity/CGGV:assertion_f27e3d88-0a3d-44f8-bbbc-1f668e596541-2018-06-26T160000.000Z	2018-06-26T16:00:00.000Z	Hearing Loss Gene Curation Expert Panel
MYO1F	HGNC:7600	nonsyndromic genetic hearing loss	MONDO:0019497	AD	SOP11	Disputed	https://search.clinicalgenome.org/kb/gene-validity/CGGV:assertion_c422abbd-4f16-4da0-8569-d5d7138be488-2024-10-31T160000.000Z	2024-10-31T16:00:00.000Z	Hearing Loss Gene Curation Expert Panel
MYO3A	HGNC:7601	nonsyndromic genetic hearing loss	MONDO:0019497	AR	SOP9	Definitive	https://search.clinicalgenome.org/kb/gene-validity/CGGV:assertion_a8fa3d7b-73a2-43a3-8f13-7dac3fd27737-2023-06-01T160000.000Z	2023-06-01T16:00:00.000Z	Hearing Loss Gene Curation Expert Panel
MYO6	HGNC:7605	nonsyndromic genetic hearing loss	MONDO:0019497	AD	SOP6	Definitive	https://search.clinicalgenome.org/kb/gene-validity/CGGV:assertion_50d408fe-e298-4683-985c-57a37b30e273-2018-02-20T170000.000Z	2018-02-20T17:00:00.000Z	Hearing Loss Gene Curation Expert Panel
MYO7A	HGNC:7606	Usher syndrome type 1	MONDO:0010168	AR	SOP5	Definitive	https://search.clinicalgenome.org/kb/gene-validity/CGGV:assertion_1e897a2f-d4cf-4e13-85d8-f37405a09b18-2018-06-28T160000.000Z	2018-06-28T16:00:00.000Z	Hearing Loss Gene Curation Expert Panel
MYO7A	HGNC:7606	nonsyndromic genetic hearing loss	MONDO:0019497	AD	SOP6	Definitive	https://search.clinicalgenome.org/kb/gene-validity/CGGV:assertion_598b33f0-cdad-4290-b6eb-f9c2304c7bb6-2018-03-19T160000.000Z	2018-03-19T16:00:00.000Z	Hearing Loss Gene Curation Expert Panel
NARS2	HGNC:26274	nonsyndromic genetic hearing loss	MONDO:0019497	AR	SOP8	Limited	https://search.clinicalgenome.org/kb/gene-validity/CGGV:assertion_9db16e79-4c14-437f-9723-749f99053d5c-2021-11-17T170000.000Z	2021-11-17T17:00:00.000Z	Hearing Loss Gene Curation Expert Panel
OSBPL2	HGNC:15761	nonsyndromic genetic hearing loss	MONDO:0019497	AD	SOP7	Moderate	https://search.clinicalgenome.org/kb/gene-validity/CGGV:assertion_a493a4c4-3a9f-431a-a68e-d90d9a11b6f0-2020-02-06T172031.658Z	2020-02-06T17:20:31.658Z	Hearing Loss Gene Curation Expert Panel
OTOA	HGNC:16378	nonsyndromic genetic hearing loss	MONDO:0019497	AR	SOP6	Definitive	https://search.clinicalgenome.org/kb/gene-validity/CGGV:assertion_87661be2-f024-49bb-a60e-a906f7f113b7-2018-05-01T040000.000Z	2018-05-01T04:00:00.000Z	Hearing Loss Gene Curation Expert Panel
OTOF	HGNC:8515	nonsyndromic genetic hearing loss	MONDO:0019497	AR	SOP12	Definitive	https://search.clinicalgenome.org/kb/gene-validity/CGGV:assertion_b34decf7-9e15-4f68-9cf3-1dfee9a5391b-2026-08-06T160000.000Z	2026-08-06T16:00:00.000Z	Hearing Loss Gene Curation Expert Panel
OTOG	HGNC:8516	nonsyndromic genetic hearing loss	MONDO:0019497	AR	SOP6	Definitive	https://search.clinicalgenome.org/kb/gene-validity/CGGV:assertion_0fac4fd4-d674-4017-a9a6-1d6793162c6b-2018-06-28T160000.000Z	2018-06-28T16:00:00.000Z	Hearing Loss Gene Curation Expert Panel
OTOGL	HGNC:26901	nonsyndromic genetic hearing loss	MONDO:0019497	AR	SOP6	Definitive	https://search.clinicalgenome.org/kb/gene-validity/CGGV:assertion_28b962a1-8394-4366-8746-4b71a59cd60b-2018-01-05T170000.000Z	2018-01-05T17:00:00.000Z	Hearing Loss Gene Curation Expert Panel
P2RX2	HGNC:15459	nonsyndromic genetic hearing loss	MONDO:0019497	AD	SOP9	Moderate	https://search.clinicalgenome.org/kb/gene-validity/CGGV:assertion_c1dae6b6-4ed7-4c5a-ba4e-bcfaba026be8-2022-09-21T160000.000Z	2022-09-21T16:00:00.000Z	Hearing Loss Gene Curation Expert Panel
PAX3	HGNC:8617	Waardenburg syndrome	MONDO:0018094	AD	SOP6	Definitive	https://search.clinicalgenome.org/kb/gene-validity/CGGV:assertion_594ef026-3730-43bc-b721-d15cf0bbbf26-2017-11-15T050000.000Z	2017-11-15T05:00:00.000Z	Hearing Loss Gene Curation Expert Panel
PCDH15	HGNC:14674	nonsyndromic genetic hearing loss	MONDO:0019497	AR	SOP6	Limited	https://search.clinicalgenome.org/kb/gene-validity/CGGV:assertion_48910592-40d6-4eb7-a53c-4b0883070287-2018-06-19T040000.000Z	2018-06-19T04:00:00.000Z	Hearing Loss Gene Curation Expert Panel
PDE1C	HGNC:8776	autosomal dominant nonsyndromic hearing loss	MONDO:0019587	AD	SOP12	Limited	https://search.clinicalgenome.org/kb/gene-validity/CGGV:assertion_564945d8-1505-4a0e-afa9-960d3ce5b927-2026-04-15T160000.000Z	2026-04-15T16:00:00.000Z	Hearing Loss Gene Curation Expert Panel
PDZD7	HGNC:26257	hearing loss, autosomal recessive	MONDO:0019588	AR	SOP4	Definitive	https://search.clinicalgenome.org/kb/gene-validity/CGGCIEX:assertion_8406	2017-04-26T00:00:00	Hearing Loss Gene Curation Expert Panel
PJVK	HGNC:29502	nonsyndromic genetic hearing loss	MONDO:0019497	AR	SOP6	Definitive	https://search.clinicalgenome.org/kb/gene-validity/CGGV:assertion_b3e304c3-33fd-41ec-81f9-1c0725a5549f-2017-12-19T050000.000Z	2017-12-19T05:00:00.000Z	Hearing Loss Gene Curation Expert Panel
PLS1	HGNC:9090	autosomal dominant nonsyndromic hearing loss	MONDO:0019587	AD	SOP12	Moderate	https://search.clinicalgenome.org/kb/gene-validity/CGGV:assertion_d717d8aa-8035-423d-a35b-1f74dcc1bf42-2026-03-18T160000.000Z	2026-03-18T16:00:00.000Z	Hearing Loss Gene Curation Expert Panel
POU3F4	HGNC:9217	nonsyndromic genetic hearing loss	MONDO:0019497	XL	SOP6	Definitive	https://search.clinicalgenome.org/kb/gene-validity/CGGV:assertion_4ab4f4a3-757d-4de3-90e7-42a229c360a0-2018-01-05T170000.000Z	2018-01-05T17:00:00.000Z	Hearing Loss Gene Curation Expert Panel
POU4F3	HGNC:9220	nonsyndromic genetic hearing loss	MONDO:0019497	AD	SOP6	Definitive	https://search.clinicalgenome.org/kb/gene-validity/CGGV:assertion_1476f1d9-7538-40bd-b602-b76781630cee-2017-11-21T170000.000Z	2017-11-21T17:00:00.000Z	Hearing Loss Gene Curation Expert Panel
PPIP5K2	HGNC:29035	hearing loss, autosomal recessive	MONDO:0019588	AR	SOP11	Limited	https://search.clinicalgenome.org/kb/gene-validity/CGGV:assertion_82b8d310-ae39-44c8-9655-ee2627c5e7c8-2025-09-17T160000.000Z	2025-09-17T16:00:00.000Z	Hearing Loss Gene Curation Expert Panel
PRPS1	HGNC:9462	PRPS1 deficiency disorder	MONDO:0100061	XL	SOP7	Definitive	https://search.clinicalgenome.org/kb/gene-validity/CGGV:assertion_9416f6e2-8de3-48b0-9a1c-9bd11a59315c-2020-02-14T170000.000Z	2020-02-14T17:00:00.000Z	Hearing Loss Gene Curation Expert Panel
PRPS1	HGNC:9462	phosphoribosylpyrophosphate synthetase superactivity	MONDO:0010395	XL	SOP7	Limited	https://search.clinicalgenome.org/kb/gene-validity/CGGV:assertion_76dc3f8d-e1c9-4506-9381-d2b5ab3df300-2020-02-14T170000.000Z	2020-02-14T17:00:00.000Z	Hearing Loss Gene Curation Expert Panel
PTPRQ	HGNC:9679	hearing loss, autosomal recessive	MONDO:0019588	AR	SOP4	Definitive	https://search.clinicalgenome.org/kb/gene-validity/CGGCIEX:assertion_8404	2017-02-23T00:00:00	Hearing Loss Gene Curation Expert Panel
RDX	HGNC:9944	nonsyndromic genetic hearing loss	MONDO:0019497	AR	SOP6	Definitive	https://search.clinicalgenome.org/kb/gene-validity/CGGV:assertion_2cf494e5-7335-4e2a-8b50-75cf8412a9d0-2018-01-02T170000.000Z	2018-01-02T17:00:00.000Z	Hearing Loss Gene Curation Expert Panel
RIPOR2	HGNC:13872	autosomal dominant nonsyndromic hearing loss	MONDO:0019587	AD	SOP10	Limited	https://search.clinicalgenome.org/kb/gene-validity/CGGV:assertion_64425d70-9de8-4b24-946d-338d86cecf48-2024-05-15T160000.000Z	2024-05-15T16:00:00.000Z	Hearing Loss Gene Curation Expert Panel
RIPOR2	HGNC:13872	nonsyndromic genetic hearing loss	MONDO:0019497	AR	SOP10	Strong	https://search.clinicalgenome.org/kb/gene-validity/CGGV:assertion_ed7e0813-4e94-40a9-b3ef-ef90d5c4dce4-2024-05-15T160000.000Z	2024-05-15T16:00:00.000Z	Hearing Loss Gene Curation Expert Panel
ROR1	HGNC:10256	nonsyndromic genetic hearing loss	MONDO:0019497	AR	SOP9	Limited	https://search.clinicalgenome.org/kb/gene-validity/CGGV:assertion_fdee1ffc-d8bd-4188-acb6-5fad8f5902a6-2022-06-15T040000.000Z	2022-06-15T04:00:00.000Z	Hearing Loss Gene Curation Expert Panel
S1PR2	HGNC:3169	nonsyndromic genetic hearing loss	MONDO:0019497	AR	SOP4	Strong	https://search.clinicalgenome.org/kb/gene-validity/CGGCIEX:assertion_8405	2017-03-02T00:00:00	Hearing Loss Gene Curation Expert Panel
SERPINB6	HGNC:8950	nonsyndromic genetic hearing loss	MONDO:0019497	AR	SOP9	Moderate	https://search.clinicalgenome.org/kb/gene-validity/CGGV:assertion_b84c49a8-3b02-4e07-a0c7-80394c0cf991-2022-10-19T160000.000Z	2022-10-19T16:00:00.000Z	Hearing Loss Gene Curation Expert Panel
SIX1	HGNC:10887	branchio-oto-renal syndrome	MONDO:0007029	AD	SOP6	Definitive	https://search.clinicalgenome.org/kb/gene-validity/CGGV:assertion_e2587f3b-52e1-4765-a9ac-82d8cc5ae45b-2017-06-22T160000.000Z	2017-06-22T16:00:00.000Z	Hearing Loss Gene Curation Expert Panel
SIX5	HGNC:10891	branchio-oto-renal syndrome	MONDO:0007029	AD	SOP5	Disputed	https://search.clinicalgenome.org/kb/gene-validity/CGGV:assertion_0667561f-aa48-4ad5-b4ff-45aac933b255-2018-01-16T170000.000Z	2018-01-16T17:00:00.000Z	Hearing Loss Gene Curation Expert Panel
SLC17A8	HGNC:20151	nonsyndromic genetic hearing loss	MONDO:0019497	AD	SOP9	Definitive	https://search.clinicalgenome.org/kb/gene-validity/CGGV:assertion_8c399400-090a-4b2e-93ff-0c4915ce81c7-2023-06-01T160000.000Z	2023-06-01T16:00:00.000Z	Hearing Loss Gene Curation Expert Panel
SLC22A4	HGNC:10968	hearing loss, autosomal recessive	MONDO:0019588	AR	SOP11	Limited	https://search.clinicalgenome.org/kb/gene-validity/CGGV:assertion_a0bbbf84-878a-4863-a82c-14012e61d8f4-2025-09-23T160000.000Z	2025-09-23T16:00:00.000Z	Hearing Loss Gene Curation Expert Panel
SLC26A4	HGNC:8818	Pendred syndrome	MONDO:0010134	AR	SOP5	Definitive	https://search.clinicalgenome.org/kb/gene-validity/CGGV:assertion_49e794f4-8725-4499-a0a2-82591b42cab5-2017-06-07T040000.000Z	2017-06-07T04:00:00.000Z	Hearing Loss Gene Curation Expert Panel
SLC26A5	HGNC:9359	nonsyndromic genetic hearing loss	MONDO:0019497	AR	SOP8	Limited	https://search.clinicalgenome.org/kb/gene-validity/CGGV:assertion_2f835f34-fe68-49a8-9399-bccebba540d4-2022-01-26T204254.928Z	2022-01-26T20:42:54.928Z	Hearing Loss Gene Curation Expert Panel
SLC44A4	HGNC:13941	nonsyndromic genetic hearing loss	MONDO:0019497	AD	SOP9	Limited	https://search.clinicalgenome.org/kb/gene-validity/CGGV:assertion_3ddbe083-55c3-483b-8c32-fc9bdbef10c6-2022-11-22T170000.000Z	2022-11-22T17:00:00.000Z	Hearing Loss Gene Curation Expert Panel
SLC52A2	HGNC:30224	Brown-Vialetto-van Laere syndrome 2	MONDO:0013867	AR	SOP9	Definitive	https://search.clinicalgenome.org/kb/gene-validity/CGGV:assertion_5a500078-4cd5-49db-b22e-c5628ee07304-2023-09-04T160000.000Z	2023-09-04T16:00:00.000Z	Hearing Loss Gene Curation Expert Panel
SLC52A3	HGNC:16187	Brown-Vialetto-van Laere syndrome 1	MONDO:0024537	AR	SOP9	Definitive	https://search.clinicalgenome.org/kb/gene-validity/CGGV:assertion_b0ae82e2-4c39-45b2-ba2d-6fe2570dbcfc-2023-09-04T160000.000Z	2023-09-04T16:00:00.000Z	Hearing Loss Gene Curation Expert Panel
SLITRK6	HGNC:23503	high myopia-sensorineural deafness syndrome	MONDO:0009082	AR	SOP7	Definitive	https://search.clinicalgenome.org/kb/gene-validity/CGGV:assertion_e9b9e41c-1b12-4159-9729-8de648e747b0-2020-04-21T211522.429Z	2020-04-21T21:15:22.429Z	Hearing Loss Gene Curation Expert Panel
SMPX	HGNC:11122	nonsyndromic genetic hearing loss	MONDO:0019497	XL	SOP6	Definitive	https://search.clinicalgenome.org/kb/gene-validity/CGGV:assertion_29773bee-1f13-43f6-bda0-c5a646efccd7-2017-09-12T160000.000Z	2017-09-12T16:00:00.000Z	Hearing Loss Gene Curation Expert Panel
SNAI2	HGNC:11094	Waardenburg syndrome	MONDO:0018094	AR	SOP11	Limited	https://search.clinicalgenome.org/kb/gene-validity/CGGV:assertion_9c01d8d8-40a4-4b11-ad9c-8283bb937c55-2024-10-31T160000.000Z	2024-10-31T16:00:00.000Z	Hearing Loss Gene Curation Expert Panel
SOX10	HGNC:11190	Waardenburg syndrome type 4C	MONDO:0013202	AD	SOP6	Definitive	https://search.clinicalgenome.org/kb/gene-validity/CGGV:assertion_00a5b707-a265-4af0-a7e1-f15734ea42b9-2018-06-19T160000.000Z	2018-06-19T16:00:00.000Z	Hearing Loss Gene Curation Expert Panel
SPNS2	HGNC:26992	hearing loss, autosomal recessive 115	MONDO:0032762	AR	SOP12	Limited	https://search.clinicalgenome.org/kb/gene-validity/CGGV:assertion_f1935c4c-ac4d-48fb-8165-61a7cf023cc4-2026-07-15T040000.000Z	2026-07-15T04:00:00.000Z	Hearing Loss Gene Curation Expert Panel
STRC	HGNC:16035	nonsyndromic genetic hearing loss	MONDO:0019497	AR	SOP6	Definitive	https://search.clinicalgenome.org/kb/gene-validity/CGGV:assertion_977b98b7-00f4-4200-9b17-f37303889ab4-2017-12-19T050000.000Z	2017-12-19T05:00:00.000Z	Hearing Loss Gene Curation Expert Panel
SYNE4	HGNC:26703	nonsyndromic genetic hearing loss	MONDO:0019497	AR	SOP7	Moderate	https://search.clinicalgenome.org/kb/gene-validity/CGGV:assertion_7ba8e80d-ccfe-4c9d-a2a9-6abaa9dfacc6-2020-02-06T171016.249Z	2020-02-06T17:10:16.249Z	Hearing Loss Gene Curation Expert Panel
TBC1D24	HGNC:29203	DOORS syndrome	MONDO:0009079	AR	SOP6	Definitive	https://search.clinicalgenome.org/kb/gene-validity/CGGV:assertion_0fcb9839-6798-4195-8959-08d45bc63339-2020-03-11T132031.642Z	2020-03-11T13:20:31.642Z	Hearing Loss Gene Curation Expert Panel
TBC1D24	HGNC:29203	nonsyndromic genetic hearing loss	MONDO:0019497	AD	SOP10	Limited	https://search.clinicalgenome.org/kb/gene-validity/CGGV:assertion_cd496a45-5ae0-4e56-8a3d-2c410a5bd0c8-2024-06-25T160000.000Z	2024-06-25T16:00:00.000Z	Hearing Loss Gene Curation Expert Panel
TCOF1	HGNC:11654	Treacher-Collins syndrome	MONDO:0002457	AD	SOP6	Definitive	https://search.clinicalgenome.org/kb/gene-validity/CGGV:assertion_3f91c5fe-8e58-4c98-9878-e428e2e41dd7-2019-09-17T160000.000Z	2019-09-17T16:00:00.000Z	Hearing Loss Gene Curation Expert Panel
TECTA	HGNC:11720	nonsyndromic genetic hearing loss	MONDO:0019497	AR	SOP5	Definitive	https://search.clinicalgenome.org/kb/gene-validity/CGGV:assertion_0c7395aa-89bb-40e2-a226-0500fef478bb-2018-01-02T170000.000Z	2018-01-02T17:00:00.000Z	Hearing Loss Gene Curation Expert Panel
TECTA	HGNC:11720	nonsyndromic genetic hearing loss	MONDO:0019497	AD	SOP6	Definitive	https://search.clinicalgenome.org/kb/gene-validity/CGGV:assertion_95b38b73-f807-4401-9600-fe1f319b9dd9-2018-01-02T170000.000Z	2018-01-02T17:00:00.000Z	Hearing Loss Gene Curation Expert Panel
TIMM8A	HGNC:11817	deafness dystonia syndrome	MONDO:0010578	XL	SOP6	Definitive	https://search.clinicalgenome.org/kb/gene-validity/CGGV:assertion_a21d3842-b39e-4f98-860a-61a9aa4e2d2b-2017-12-19T050000.000Z	2017-12-19T05:00:00.000Z	Hearing Loss Gene Curation Expert Panel
TJP2	HGNC:11828	nonsyndromic genetic hearing loss	MONDO:0019497	AD	SOP8	Limited	https://search.clinicalgenome.org/kb/gene-validity/CGGV:assertion_bb5c5be5-918d-4ba5-b4ad-e243119a7e6a-2022-01-19T170000.000Z	2022-01-19T17:00:00.000Z	Hearing Loss Gene Curation Expert Panel
TMC1	HGNC:16513	nonsyndromic genetic hearing loss	MONDO:0019497	AD	SOP6	Definitive	https://search.clinicalgenome.org/kb/gene-validity/CGGV:assertion_966d2fa1-5245-420d-9bf0-4a36aab29d74-2018-06-22T160000.000Z	2018-06-22T16:00:00.000Z	Hearing Loss Gene Curation Expert Panel
TMEM132E	HGNC:26991	hearing loss, autosomal recessive	MONDO:0019588	AR	SOP8	Limited	https://search.clinicalgenome.org/kb/gene-validity/CGGV:assertion_867fc085-f2f4-40f6-8b96-565d131fd964-2022-01-26T163240.414Z	2022-01-26T16:32:40.414Z	Hearing Loss Gene Curation Expert Panel
TMIE	HGNC:30800	nonsyndromic genetic hearing loss	MONDO:0019497	AR	SOP6	Definitive	https://search.clinicalgenome.org/kb/gene-validity/CGGV:assertion_b025a472-0a48-469c-a5f3-70df12ade334-2017-09-29T040000.000Z	2017-09-29T04:00:00.000Z	Hearing Loss Gene Curation Expert Panel
TMPRSS3	HGNC:11877	nonsyndromic genetic hearing loss	MONDO:0019497	AR	SOP6	Definitive	https://search.clinicalgenome.org/kb/gene-validity/CGGV:assertion_ee13ba8c-7986-4e6c-8a39-4ee197ba4023-2017-08-22T160000.000Z	2017-08-22T16:00:00.000Z	Hearing Loss Gene Curation Expert Panel
TMTC2	HGNC:25440	nonsyndromic genetic hearing loss	MONDO:0019497	AD	SOP9	Disputed	https://search.clinicalgenome.org/kb/gene-validity/CGGV:assertion_0e56b4d6-4947-4de5-a3a7-373145019239-2022-04-26T160000.000Z	2022-04-26T16:00:00.000Z	Hearing Loss Gene Curation Expert Panel
TNC	HGNC:5318	nonsyndromic genetic hearing loss	MONDO:0019497	AD	SOP9	Limited	https://search.clinicalgenome.org/kb/gene-validity/CGGV:assertion_fce4988a-fb20-4f95-b73a-799c47b67e3b-2022-07-13T160000.000Z	2022-07-13T16:00:00.000Z	Hearing Loss Gene Curation Expert Panel
TPRN	HGNC:26894	nonsyndromic genetic hearing loss	MONDO:0019497	AR	SOP6	Definitive	https://search.clinicalgenome.org/kb/gene-validity/CGGV:assertion_a4dce399-9aeb-452e-a917-3603eb09d11f-2017-09-12T040000.000Z	2017-09-12T04:00:00.000Z	Hearing Loss Gene Curation Expert Panel
TRIOBP	HGNC:17009	hearing loss, autosomal recessive	MONDO:0019588	AR	SOP5	Definitive	https://search.clinicalgenome.org/kb/gene-validity/CGGCIEX:assertion_9543	2017-06-06T00:00:00	Hearing Loss Gene Curation Expert Panel
TSPEAR	HGNC:1268	nonsyndromic genetic hearing loss	MONDO:0019497	AR	SOP11	Disputed	https://search.clinicalgenome.org/kb/gene-validity/CGGV:assertion_f0928b06-d3bb-41fe-8222-d7f0e6c0a25a-2024-10-31T160000.000Z	2024-10-31T16:00:00.000Z	Hearing Loss Gene Curation Expert Panel
TWNK	HGNC:1160	Perrault syndrome 5	MONDO:0014504	AR	SOP11	Definitive	https://search.clinicalgenome.org/kb/gene-validity/CGGV:assertion_51e15ea1-be13-4f8a-b6b9-55201b9c1236-2026-01-21T170000.000Z	2026-01-21T17:00:00.000Z	Hearing Loss Gene Curation Expert Panel
USH1C	HGNC:12597	Usher syndrome type 1	MONDO:0010168	AR	SOP4	Definitive	https://search.clinicalgenome.org/kb/gene-validity/CGGCIEX:assertion_5664	2017-02-15T00:00:00	Hearing Loss Gene Curation Expert Panel
USH1C	HGNC:12597	nonsyndromic genetic hearing loss	MONDO:0019497	AR	SOP6	Limited	https://search.clinicalgenome.org/kb/gene-validity/CGGV:assertion_f4194490-1b41-4d6d-be63-4a2a8827bb85-2018-06-11T040000.000Z	2018-06-11T04:00:00.000Z	Hearing Loss Gene Curation Expert Panel
USH1G	HGNC:16356	nonsyndromic genetic hearing loss	MONDO:0019497	AR	SOP6	Disputed	https://search.clinicalgenome.org/kb/gene-validity/CGGV:assertion_02c62d06-b496-4a48-a514-56a772fae071-2019-05-21T160000.000Z	2019-05-21T16:00:00.000Z	Hearing Loss Gene Curation Expert Panel
USH2A	HGNC:12601	Usher syndrome type 2	MONDO:0016484	AR	SOP4	Definitive	https://search.clinicalgenome.org/kb/gene-validity/CGGCIEX:assertion_5661	2017-02-15T00:00:00	Hearing Loss Gene Curation Expert Panel
WBP2	HGNC:12738	hearing loss, autosomal recessive	MONDO:0019588	AR	SOP6	Limited	https://search.clinicalgenome.org/kb/gene-validity/CGGV:assertion_baa7931c-1d6a-4260-9816-fbca764c5a0e-2018-12-09T170000.000Z	2018-12-09T17:00:00.000Z	Hearing Loss Gene Curation Expert Panel
WFS1	HGNC:12762	Wolfram syndrome	MONDO:0018105	AR	SOP5	Definitive	https://search.clinicalgenome.org/kb/gene-validity/CGGV:assertion_1e81eeda-4dd0-431c-ad52-90304fb761c8-2018-04-17T160000.000Z	2018-04-17T16:00:00.000Z	Hearing Loss Gene Curation Expert Panel
WFS1	HGNC:12762	Wolfram-like syndrome	MONDO:0013673	AD	SOP10	Definitive	https://search.clinicalgenome.org/kb/gene-validity/CGGV:assertion_17637c9d-03fb-496a-a00c-ae2431f441e8-2024-06-25T160000.000Z	2024-06-25T16:00:00.000Z	Hearing Loss Gene Curation Expert Panel
WFS1	HGNC:12762	nonsyndromic genetic hearing loss	MONDO:0019497	AD	SOP10	Definitive	https://search.clinicalgenome.org/kb/gene-validity/CGGV:assertion_e7e402fa-b5b4-4b97-a3e1-ff4640c9bd5a-2024-06-25T160000.000Z	2024-06-25T16:00:00.000Z	Hearing Loss Gene Curation Expert Panel
WHRN	HGNC:16361	Usher syndrome type 2D	MONDO:0012662	AR	SOP4	Definitive	https://search.clinicalgenome.org/kb/gene-validity/CGGCIEX:assertion_8151	2017-05-10T00:00:00	Hearing Loss Gene Curation Expert Panel
WHRN	HGNC:16361	nonsyndromic genetic hearing loss	MONDO:0019497	AR	SOP10	Moderate	https://search.clinicalgenome.org/kb/gene-validity/CGGV:assertion_3188ec93-954a-4daa-b99d-7c5fccad8e1a-2024-01-17T170000.000Z	2024-01-17T17:00:00.000Z	Hearing Loss Gene Curation Expert Panel
