GENE SYMBOL	DISEASE LABEL	DISEASE ID (MONDO)	MOI	CLASSIFICATION	MONDO_NAME	OMIM	ORPHANET
ABHD12	PHARC syndrome	MONDO:0012984	AR	Definitive	PHARC syndrome	612674	171848
ACTG1	Baraitser-winter syndrome 2	MONDO:0013812	AD	Definitive	Baraitser-winter syndrome 2	614583	
ACTG1	nonsyndromic genetic hearing loss	MONDO:0019497	AD	Definitive	nonsyndromic genetic hearing loss		87884
ADGRV1	Usher syndrome type 2	MONDO:0016484	AR	Definitive	Usher syndrome type 2		231178
ADGRV1	nonsyndromic genetic hearing loss	MONDO:0019497	AR	Disputed	nonsyndromic genetic hearing loss		87884
AIFM1	X-linked hereditary sensory and autonomic neuropathy with hearing loss	MONDO:0010378	XL	Definitive	X-linked hereditary sensory and autonomic neuropathy with hearing loss	300614	139583
ALMS1	Alstrom syndrome	MONDO:0008763	AR	Definitive	Alstrom syndrome	203800	64
ATP2B2	autosomal dominant nonsyndromic hearing loss	MONDO:0019587	AD	Definitive	autosomal dominant nonsyndromic hearing loss		90635
ATP6V1B1	renal tubular acidosis, distal, 2, with progressive sensorineural hearing loss	MONDO:0009968	AR	Definitive	renal tubular acidosis, distal, 2, with progressive sensorineural hearing loss	267300	93611
BCS1L	Bjornstad syndrome	MONDO:0009872	AR	Definitive	Bjornstad syndrome	262000	123
BSND	Bartter disease type 4A	MONDO:0011242	AR	Definitive	Bartter disease type 4A	602522	
BTD	biotinidase deficiency	MONDO:0009665	AR	Definitive	biotinidase deficiency	253260	79241
CABP2	nonsyndromic genetic hearing loss	MONDO:0019497	AR	Definitive	nonsyndromic genetic hearing loss		87884
CDC14A	hearing impairment and infertile male syndrome	MONDO:0100069	AR	Strong	hearing impairment and infertile male syndrome		
CDC14A	nonsyndromic genetic hearing loss	MONDO:0019497	AR	Definitive	nonsyndromic genetic hearing loss		87884
CDH23	nonsyndromic genetic hearing loss	MONDO:0019497	AR	Definitive	nonsyndromic genetic hearing loss		87884
CEACAM16	nonsyndromic genetic hearing loss	MONDO:0019497	AR	Strong	nonsyndromic genetic hearing loss		87884
CEACAM16	nonsyndromic genetic hearing loss	MONDO:0019497	AD	Moderate	nonsyndromic genetic hearing loss		87884
CEP250	cone-rod dystrophy and hearing loss 2	MONDO:0020780	AR	Definitive	cone-rod dystrophy and hearing loss 2	618358	
CEP78	cone-rod dystrophy and hearing loss	MONDO:0014980	AR	Strong	cone-rod dystrophy and hearing loss		
CHD7	CHARGE syndrome	MONDO:0008965	AD	Definitive	CHARGE syndrome		138
CIB2	Usher syndrome type 1	MONDO:0010168	AR	Refuted	Usher syndrome type 1		231169
CIB2	nonsyndromic genetic hearing loss	MONDO:0019497	AR	Definitive	nonsyndromic genetic hearing loss		87884
CISD2	Wolfram syndrome	MONDO:0018105	AR	Definitive	Wolfram syndrome		3463
CLDN14	nonsyndromic genetic hearing loss	MONDO:0019497	AR	Definitive	nonsyndromic genetic hearing loss		87884
CLPP	Perrault syndrome 3	MONDO:0013588	AR	Definitive	Perrault syndrome 3	614129	
CLRN1	Usher syndrome type 3	MONDO:0016485	AR	Definitive	Usher syndrome type 3		231183
COCH	nonsyndromic genetic hearing loss	MONDO:0019497	AD	Definitive	nonsyndromic genetic hearing loss		87884
COL11A2	nonsyndromic genetic hearing loss	MONDO:0019497	AD	Definitive	nonsyndromic genetic hearing loss		87884
COL11A2	nonsyndromic genetic hearing loss	MONDO:0019497	AR	Moderate	nonsyndromic genetic hearing loss		87884
COL11A2	otospondylomegaepiphyseal dysplasia	MONDO:0008975	AD	Definitive	otospondylomegaepiphyseal dysplasia		1427
COL11A2	otospondylomegaepiphyseal dysplasia	MONDO:0008975	AR	Definitive	otospondylomegaepiphyseal dysplasia		1427
COL4A5	Alport syndrome	MONDO:0018965	XL	Definitive	Alport syndrome		63
COL9A1	Stickler syndrome, type 4	MONDO:0013590	AR	Definitive	Stickler syndrome, type 4	614134	
COL9A3	Stickler syndrome	MONDO:0019354	AR	Definitive	Stickler syndrome		828
DIAPH1	DIAPH1-related sensorineural hearing loss-thrombocytopenia syndrome	MONDO:0044635	AD	Definitive	DIAPH1-related sensorineural hearing loss-thrombocytopenia syndrome		494444
DNMT1	autosomal dominant cerebellar ataxia, deafness and narcolepsy	MONDO:0011397	AD	Definitive	autosomal dominant cerebellar ataxia, deafness and narcolepsy	604121	314404
DSPP	dentinogenesis imperfecta	MONDO:0018849	AD	Definitive	dentinogenesis imperfecta		49042
ESPN	nonsyndromic genetic hearing loss	MONDO:0019497	AR	Definitive	nonsyndromic genetic hearing loss		87884
ESPN	nonsyndromic genetic hearing loss	MONDO:0019497	AD	Limited	nonsyndromic genetic hearing loss		87884
ESRRB	nonsyndromic genetic hearing loss	MONDO:0019497	AR	Definitive	nonsyndromic genetic hearing loss		87884
EYA1	branchio-oto-renal syndrome	MONDO:0007029	AD	Definitive	branchio-oto-renal syndrome		107
EYA4	nonsyndromic genetic hearing loss	MONDO:0019497	AD	Definitive	nonsyndromic genetic hearing loss		87884
FGF3	deafness with labyrinthine aplasia, microtia, and microdontia	MONDO:0012541	AR	Definitive	deafness with labyrinthine aplasia, microtia, and microdontia	610706	90024
GATA3	hypoparathyroidism-deafness-renal disease syndrome	MONDO:0007797	AD	Definitive	hypoparathyroidism-deafness-renal disease syndrome	146255	2237
GIPC3	nonsyndromic genetic hearing loss	MONDO:0019497	AR	Definitive	nonsyndromic genetic hearing loss		87884
GJB2	hearing loss disorder	MONDO:0005365	AD	Definitive	hearing loss disorder		
GJB2	nonsyndromic genetic hearing loss	MONDO:0019497	AR	Definitive	nonsyndromic genetic hearing loss		87884
GJB3	erythrokeratodermia variabilis	MONDO:0017851	AD	Definitive	erythrokeratodermia variabilis		308166;316;317
GJB3	nonsyndromic genetic hearing loss	MONDO:0019497	AD	Disputed	nonsyndromic genetic hearing loss		87884
GJB6	Clouston syndrome	MONDO:0007510	AD	Definitive	Clouston syndrome	129500	189
GJB6	nonsyndromic genetic hearing loss	MONDO:0019497	AR	Refuted	nonsyndromic genetic hearing loss		87884
GPSM2	Chudley-McCullough syndrome	MONDO:0011411	AR	Definitive	Chudley-McCullough syndrome	604213	314597
GRHL2	nonsyndromic genetic hearing loss	MONDO:0019497	AD	Definitive	nonsyndromic genetic hearing loss		87884
GRXCR1	nonsyndromic genetic hearing loss	MONDO:0019497	AR	Definitive	nonsyndromic genetic hearing loss		87884
GSDME	nonsyndromic genetic hearing loss	MONDO:0019497	AD	Definitive	nonsyndromic genetic hearing loss		87884
HSD17B4	Perrault syndrome	MONDO:0017312	AR	Definitive	Perrault syndrome		2855
ILDR1	nonsyndromic genetic hearing loss	MONDO:0019497	AR	Definitive	nonsyndromic genetic hearing loss		87884
KCNQ1	Jervell and Lange-Nielsen syndrome	MONDO:0002441	AR	Definitive	Jervell and Lange-Nielsen syndrome		90647
KCNQ4	nonsyndromic genetic hearing loss	MONDO:0019497	AD	Definitive	nonsyndromic genetic hearing loss		87884
LARS2	Perrault syndrome	MONDO:0017312	AR	Definitive	Perrault syndrome		2855
LHFPL5	nonsyndromic genetic hearing loss	MONDO:0019497	AR	Definitive	nonsyndromic genetic hearing loss		87884
LMX1A	autosomal dominant nonsyndromic hearing loss	MONDO:0019587	AD	Definitive	autosomal dominant nonsyndromic hearing loss		90635
LOXHD1	nonsyndromic genetic hearing loss	MONDO:0019497	AR	Definitive	nonsyndromic genetic hearing loss		87884
LRTOMT	autosomal recessive nonsyndromic hearing loss 63	MONDO:0012670	AR	Definitive	autosomal recessive nonsyndromic hearing loss 63	611451	
MARVELD2	nonsyndromic genetic hearing loss	MONDO:0019497	AR	Definitive	nonsyndromic genetic hearing loss		87884
MINAR2	hearing loss, autosomal recessive 120	MONDO:0859374	AR	Strong	hearing loss, autosomal recessive 120	620238	
MITF	Waardenburg syndrome type 2	MONDO:0019517	AD	Definitive	Waardenburg syndrome type 2		895
MPZL2	nonsyndromic genetic hearing loss	MONDO:0019497	AR	Strong	nonsyndromic genetic hearing loss		87884
MSRB3	nonsyndromic genetic hearing loss	MONDO:0019497	AR	Definitive	nonsyndromic genetic hearing loss		87884
MYH9	macrothrombocytopenia and granulocyte inclusions with or without nephritis or sensorineural hearing loss	MONDO:0015912	AD	Definitive	macrothrombocytopenia and granulocyte inclusions with or without nephritis or sensorineural hearing loss	153640;155100;600208;605249	1019;182050;1984;807;850
MYO15A	nonsyndromic genetic hearing loss	MONDO:0019497	AR	Definitive	nonsyndromic genetic hearing loss		87884
MYO3A	nonsyndromic genetic hearing loss	MONDO:0019497	AR	Definitive	nonsyndromic genetic hearing loss		87884
MYO6	nonsyndromic genetic hearing loss	MONDO:0019497	AD	Definitive	nonsyndromic genetic hearing loss		87884
MYO7A	Usher syndrome type 1	MONDO:0010168	AR	Definitive	Usher syndrome type 1		231169
MYO7A	nonsyndromic genetic hearing loss	MONDO:0019497	AD	Definitive	nonsyndromic genetic hearing loss		87884
OTOA	nonsyndromic genetic hearing loss	MONDO:0019497	AR	Definitive	nonsyndromic genetic hearing loss		87884
OTOF	nonsyndromic genetic hearing loss	MONDO:0019497	AR	Definitive	nonsyndromic genetic hearing loss		87884
OTOG	nonsyndromic genetic hearing loss	MONDO:0019497	AR	Definitive	nonsyndromic genetic hearing loss		87884
OTOGL	nonsyndromic genetic hearing loss	MONDO:0019497	AR	Definitive	nonsyndromic genetic hearing loss		87884
PAX3	Waardenburg syndrome	MONDO:0018094	AD	Definitive	Waardenburg syndrome		3440
PDZD7	hearing loss, autosomal recessive	MONDO:0019588	AR	Definitive	hearing loss, autosomal recessive	607197	90636
PJVK	nonsyndromic genetic hearing loss	MONDO:0019497	AR	Definitive	nonsyndromic genetic hearing loss		87884
POU3F4	nonsyndromic genetic hearing loss	MONDO:0019497	XL	Definitive	nonsyndromic genetic hearing loss		87884
POU4F3	nonsyndromic genetic hearing loss	MONDO:0019497	AD	Definitive	nonsyndromic genetic hearing loss		87884
PRPS1	PRPS1 deficiency disorder	MONDO:0100061	XL	Definitive	PRPS1 deficiency disorder		
PRPS1	phosphoribosylpyrophosphate synthetase superactivity	MONDO:0010395	XL	Limited	phosphoribosylpyrophosphate synthetase superactivity	300661	3222
PTPRQ	hearing loss, autosomal recessive	MONDO:0019588	AR	Definitive	hearing loss, autosomal recessive	607197	90636
RDX	nonsyndromic genetic hearing loss	MONDO:0019497	AR	Definitive	nonsyndromic genetic hearing loss		87884
RIPOR2	autosomal dominant nonsyndromic hearing loss	MONDO:0019587	AD	Limited	autosomal dominant nonsyndromic hearing loss		90635
RIPOR2	nonsyndromic genetic hearing loss	MONDO:0019497	AR	Strong	nonsyndromic genetic hearing loss		87884
S1PR2	nonsyndromic genetic hearing loss	MONDO:0019497	AR	Strong	nonsyndromic genetic hearing loss		87884
SIX1	branchio-oto-renal syndrome	MONDO:0007029	AD	Definitive	branchio-oto-renal syndrome		107
SLC17A8	nonsyndromic genetic hearing loss	MONDO:0019497	AD	Definitive	nonsyndromic genetic hearing loss		87884
SLC26A4	Pendred syndrome	MONDO:0010134	AR	Definitive	Pendred syndrome	274600	705
SLC52A2	Brown-Vialetto-van Laere syndrome 2	MONDO:0013867	AR	Definitive	Brown-Vialetto-van Laere syndrome 2	614707	572550
SLC52A3	Brown-Vialetto-van Laere syndrome 1	MONDO:0024537	AR	Definitive	Brown-Vialetto-van Laere syndrome 1	211530	572543
SLITRK6	high myopia-sensorineural deafness syndrome	MONDO:0009082	AR	Definitive	high myopia-sensorineural deafness syndrome	221200	363396
SMPX	nonsyndromic genetic hearing loss	MONDO:0019497	XL	Definitive	nonsyndromic genetic hearing loss		87884
SOX10	Waardenburg syndrome type 4C	MONDO:0013202	AD	Definitive	Waardenburg syndrome type 4C	613266	
STRC	nonsyndromic genetic hearing loss	MONDO:0019497	AR	Definitive	nonsyndromic genetic hearing loss		87884
TBC1D24	DOORS syndrome	MONDO:0009079	AR	Definitive	DOORS syndrome	220500	79500
TBC1D24	nonsyndromic genetic hearing loss	MONDO:0019497	AD	Limited	nonsyndromic genetic hearing loss		87884
TCOF1	Treacher-Collins syndrome	MONDO:0002457	AD	Definitive	Treacher-Collins syndrome		861
TECTA	nonsyndromic genetic hearing loss	MONDO:0019497	AR	Definitive	nonsyndromic genetic hearing loss		87884
TECTA	nonsyndromic genetic hearing loss	MONDO:0019497	AD	Definitive	nonsyndromic genetic hearing loss		87884
TIMM8A	deafness dystonia syndrome	MONDO:0010578	XL	Definitive	deafness dystonia syndrome	304700	52368
TMC1	nonsyndromic genetic hearing loss	MONDO:0019497	AD	Definitive	nonsyndromic genetic hearing loss		87884
TMIE	nonsyndromic genetic hearing loss	MONDO:0019497	AR	Definitive	nonsyndromic genetic hearing loss		87884
TMPRSS3	nonsyndromic genetic hearing loss	MONDO:0019497	AR	Definitive	nonsyndromic genetic hearing loss		87884
TPRN	nonsyndromic genetic hearing loss	MONDO:0019497	AR	Definitive	nonsyndromic genetic hearing loss		87884
TRIOBP	hearing loss, autosomal recessive	MONDO:0019588	AR	Definitive	hearing loss, autosomal recessive	607197	90636
TWNK	Perrault syndrome 5	MONDO:0014504	AR	Definitive	Perrault syndrome 5	616138	
USH1C	Usher syndrome type 1	MONDO:0010168	AR	Definitive	Usher syndrome type 1		231169
USH1C	nonsyndromic genetic hearing loss	MONDO:0019497	AR	Limited	nonsyndromic genetic hearing loss		87884
USH2A	Usher syndrome type 2	MONDO:0016484	AR	Definitive	Usher syndrome type 2		231178
WFS1	Wolfram syndrome	MONDO:0018105	AR	Definitive	Wolfram syndrome		3463
WFS1	Wolfram-like syndrome	MONDO:0013673	AD	Definitive	Wolfram-like syndrome	614296	411590
WFS1	nonsyndromic genetic hearing loss	MONDO:0019497	AD	Definitive	nonsyndromic genetic hearing loss		87884
WHRN	Usher syndrome type 2D	MONDO:0012662	AR	Definitive	Usher syndrome type 2D	611383	
WHRN	nonsyndromic genetic hearing loss	MONDO:0019497	AR	Moderate	nonsyndromic genetic hearing loss		87884
