Region	hers	ours	shift_log10	Cohort	direction
EPS8L2	0.133947440616272	0.0003833237574909	2.5433686831736395	combined	stronger in ours
CFH	0.377640368815626	0.0013092755871709	2.460047343034003	combined	stronger in ours
RGSL1	0.112612230518692	0.0004625466953807	2.3864299781312255	combined	stronger in ours
TGFBR2	0.618955178240194	0.0031599614552096	2.291977415454999	combined	stronger in ours
SRSF11	0.596875188449476	0.00317528783371	2.274100426677747	combined	stronger in ours
FADS1	0.236076217519028	0.0012771644615269	2.2668054128316517	combined	stronger in ours
ME3	0.0680427078623743	0.0004197260236981	2.2098156916770373	combined	stronger in ours
MAP1LC3A	0.0592495460134014	0.0004603260863805	2.109619440231339	combined	stronger in ours
GARIN5A	0.322112746788287	0.0025706224642915	2.0979696127958163	combined	stronger in ours
DEFA5	0.234557127539648	0.0018745836035741	2.097343820424747	combined	stronger in ours
ADRM1	0.185181733841863	0.0015538053863542	2.0762015234239763	combined	stronger in ours
GLT8D2	0.0470642223379929	0.000399560161656	2.07110870688645	combined	stronger in ours
PALS1	0.546215265046663	0.0047420522093311	2.0613975019863258	combined	stronger in ours
GALT	0.249568983681922	0.0022383509285552	2.047262434247144	combined	stronger in ours
PLAC9	0.475857174802807	0.0042694054101514	2.0471092257466212	combined	stronger in ours
MFSD4A	0.0002377255294564	0.478446321106115	-3.3037573962103313	combined	weaker in ours
EDARADD	0.0003361466016592	0.589997627071583	-3.2443215399175385	combined	weaker in ours
FDPS	0.0002616484850297	0.368036375063921	-3.1481725200372814	combined	weaker in ours
MRPL18	0.0013387311173498	0.780482635193405	-2.7656698867635052	combined	weaker in ours
FEZF1	0.00070867624428	0.381175693294599	-2.730677323972068	combined	weaker in ours
OVCH2	0.0022567377645821	1.0	-2.646518903488307	combined	weaker in ours
MAPK9	0.0004898963143846	0.195059343682555	-2.600062586448712	combined	weaker in ours
GPR19	0.0014268513330284	0.509415691181974	-2.552693592792695	combined	weaker in ours
C6orf136	0.0009547256787231	0.333329772326106	-2.5429955019801893	combined	weaker in ours
MEN1	0.000683147151035	0.236526591224403	-2.5393657113525414	combined	weaker in ours
HGS	0.000534446226126	0.176719176471123	-2.5193796642698167	combined	weaker in ours
GPSM1	0.001137480686031	0.330635117525797	-2.463404947869109	combined	weaker in ours
TP63	0.000972058987996	0.273259517545979	-2.4488826769705856	combined	weaker in ours
CHTF18	0.0023935790243314	0.635558999280035	-2.424108102204192	combined	weaker in ours
LNPK	0.0009264957177513	0.236720280328328	-2.4073920500948005	combined	weaker in ours
ATP13A4	0.0399688942879907	1.53667322401185e-05	3.4151406100573363	EUR	stronger in ours
EPS8L2	0.166226415365337	0.0001046687622471	3.2008829510392234	EUR	stronger in ours
RNF17	0.772699725586231	0.0008027813813904	2.9834134665092202	EUR	stronger in ours
ST3GAL1	0.358315454441705	0.000511466124254	2.845448665514573	EUR	stronger in ours
FLCN	0.20451256985219	0.0005304689706971	2.5860600206676274	EUR	stronger in ours
DPF2	0.174480090614991	0.0006219823535544	2.4479678147502364	EUR	stronger in ours
MAPKAP1	0.586307554506081	0.0029971717516829	2.291413859332074	EUR	stronger in ours
VIPR1	0.516164552032202	0.002814186424481	2.2634353120602344	EUR	stronger in ours
CACNG5	0.0754216602153708	0.0004222021964342	2.251975599739758	EUR	stronger in ours
TMC3	0.243847838560963	0.0015234462094349	2.2042917858558155	EUR	stronger in ours
PTP4A3	0.397224732268342	0.002609162598662	2.1825351365433017	EUR	stronger in ours
GABRA1	0.0444138999999998	0.0003176945444439	2.145509153355286	EUR	stronger in ours
ST8SIA6	0.158709300557192	0.0011915632736858	2.124485268740469	EUR	stronger in ours
DEFA5	0.0167392639017253	0.0001295828454759	2.1111888439856834	EUR	stronger in ours
PLAC9	0.259000996099823	0.0022196804081912	2.0670109855536327	EUR	stronger in ours
OVCH2	0.0001908440548419	0.803828146353704	-3.624484573721343	EUR	weaker in ours
EDARADD	0.0001371215013411	0.497200562440741	-3.559426051561912	EUR	weaker in ours
NR2F1	0.0001892223174281	0.49127114859557	-3.4143489025731966	EUR	weaker in ours
PRRC2B	0.0004337009387545	0.637266177556393	-3.167130507035527	EUR	weaker in ours
MAPK9	0.0002384532506322	0.213253252104767	-2.951492415685095	EUR	weaker in ours
OSBP	0.0010558099836565	0.670082461672863	-2.8025424867884587	EUR	weaker in ours
RBBP6	0.0013473551081338	0.769677225614456	-2.756826562968845	EUR	weaker in ours
NIPSNAP2	0.000629295202301	0.342373833007154	-2.7356461442251963	EUR	weaker in ours
EXOSC8	0.0002001654344201	0.0942558284663956	-2.6729191315824075	EUR	weaker in ours
H3-3B	0.0006652344722215	0.282814115123728	-2.6285263349844037	EUR	weaker in ours
YBX2	0.0010752410706187	0.432249425804117	-2.604228580408143	EUR	weaker in ours
EEF2	9.26879651982349e-05	0.036953533447048	-2.6006326232797257	EUR	weaker in ours
CHMP2A	0.0015904766665385	0.629507835404137	-2.5974738380149067	EUR	weaker in ours
MGRN1	0.0001659867544171	0.0632537715153808	-2.5810129923499074	EUR	weaker in ours
MCC	4.25550666279806e-05	0.0154959404332656	-2.5612666634547994	EUR	weaker in ours
CFH	0.1878791	7.22823550812557e-06	4.414846176941574	AFR	stronger in ours
DNAJC28	0.414271211072698	0.000556434569046	2.871870650812644	AFR	stronger in ours
TRIM40	0.27000380081235	0.0004421724588477	2.78577818909489	AFR	stronger in ours
DNA2	0.2735781	0.001209799067733	2.354368083544555	AFR	stronger in ours
COPS6	0.2788003	0.0014715271494452	2.277524957569381	AFR	stronger in ours
TMTC2	0.656529715029963	0.0038206132762047	2.2351213068904716	AFR	stronger in ours
SETD5	0.184542368621824	0.0011452345354661	2.2072016544834088	AFR	stronger in ours
TMOD2	0.0052159939999999	3.71419700000001e-05	2.147472148275676	AFR	stronger in ours
RFC1	0.2347353	0.001679902	2.1452944575072683	AFR	stronger in ours
CNN3	0.4659744	0.003425044	2.133695902746825	AFR	stronger in ours
AZIN2	0.0621470640339296	0.0004599157	2.1307423812177513	AFR	stronger in ours
ACLY	0.0016950439999999	1.28093e-05	2.1216555789564695	AFR	stronger in ours
POLN	0.179621	0.001483615	2.0830358943109686	AFR	stronger in ours
ITIH4	0.0618375800000006	0.0005146447999999	2.079744896226381	AFR	stronger in ours
BPIFA1	0.03826338	0.0003272865999999	2.067855106358671	AFR	stronger in ours
NOS3	0.0001157270712003	0.685639704962348	-3.7726609971463345	AFR	weaker in ours
MFSD4A	0.0002054972910449	0.4929363	-3.379984699738378	AFR	weaker in ours
NHERF4	0.0001542376042376	0.333609733952535	-3.3350484431048133	AFR	weaker in ours
FBN3	7.89123302408212e-05	0.100891399999999	-3.1067092804137344	AFR	weaker in ours
LNPK	0.0003622277155442	0.279748230767083	-2.887785671646964	AFR	weaker in ours
MEP1A	0.0007522008640893	0.482794904139599	-2.807428849525439	AFR	weaker in ours
SPMIP2	0.0008132348	0.393250440926594	-2.684453263518999	AFR	weaker in ours
MTA1	0.0008280918999999	0.4002608	-2.684264522458678	AFR	weaker in ours
ETS1	0.0015142314506725	0.704325503605165	-2.6675811522043467	AFR	weaker in ours
EIF2B4	0.0014806371178087	0.6080224	-2.6134709468730684	AFR	weaker in ours
TBC1D23	0.0004493812999999	0.1746556	-2.5895675187610996	AFR	weaker in ours
TNS4	0.0001684671936901	0.0604386226066113	-2.554799216739643	AFR	weaker in ours
ANKRD18A	0.001417885	0.4898373	-2.5384108445131868	AFR	weaker in ours
GREB1L	0.001548456	0.522513619756155	-2.52819874596513	AFR	weaker in ours
GUCY1B1	0.0014308873692906	0.463276003670103	-2.5102343555156055	AFR	weaker in ours
