Cohort	Region	her_pvalue	her_rank	biotype	reason
combined	TMC3-AS1	3.33138383867837e-06	1	lncRNA	not protein-coding; removed by the Phase 2 mask rebuild
combined	NUP153-AS1	0.0007231400756953	48	lncRNA	not protein-coding; removed by the Phase 2 mask rebuild
combined	TRGV9	0.0007466108726363	52	TR_V_gene	not protein-coding; removed by the Phase 2 mask rebuild
combined	AGAP13P	0.0010055345227386	75	transcribed_unprocessed_pseudogene	not protein-coding; removed by the Phase 2 mask rebuild
combined	PRSS46P	0.0017397048857035	129	lncRNA	not protein-coding; removed by the Phase 2 mask rebuild
combined	SLCO1B7	0.0020504590812096	152	transcribed_unprocessed_pseudogene	not protein-coding; removed by the Phase 2 mask rebuild
combined	HHIP-AS1	0.002466431196387	179	lncRNA	not protein-coding; removed by the Phase 2 mask rebuild
combined	SEMA6A-AS1	0.0067614546662559	450	lncRNA	not protein-coding; removed by the Phase 2 mask rebuild
combined	PDPR2P	0.0104966285425719	692	lncRNA	not protein-coding; removed by the Phase 2 mask rebuild
combined	LINC02860	0.0109889375134793	731	lncRNA	not protein-coding; removed by the Phase 2 mask rebuild
combined	MIR205HG	0.0118371627156474	778	lncRNA	not protein-coding; removed by the Phase 2 mask rebuild
combined	LINC02870	0.0128518700432296	847	lncRNA	not protein-coding; removed by the Phase 2 mask rebuild
combined	MUC19	0.0141819126206617	931	protein_coding_CDS_not_defined	not protein-coding; removed by the Phase 2 mask rebuild
combined	LINC03106	0.0144209089843268	947	lncRNA	not protein-coding; removed by the Phase 2 mask rebuild
combined	MYO18B-AS1	0.0154994194008595	1018	lncRNA	not protein-coding; removed by the Phase 2 mask rebuild
combined	NAT8B	0.0169362223895537	1096	protein_coding_LoF	not protein-coding; removed by the Phase 2 mask rebuild
combined	SLFNL1-AS1	0.019205972613012	1245	lncRNA	not protein-coding; removed by the Phase 2 mask rebuild
combined	H2AZ1-DT	0.01957825	1266	lncRNA	not protein-coding; removed by the Phase 2 mask rebuild
combined	ADAMTS9-AS1	0.02020607	1304	lncRNA	not protein-coding; removed by the Phase 2 mask rebuild
combined	MAP4K1-AS1	0.0210484784163063	1361	lncRNA	not protein-coding; removed by the Phase 2 mask rebuild
combined	C15orf32	0.0210826004065504	1363	lncRNA	not protein-coding; removed by the Phase 2 mask rebuild
combined	ARHGEF7-AS2	0.0214501920912632	1379	lncRNA	not protein-coding; removed by the Phase 2 mask rebuild
combined	LINC02924	0.0249196684906371	1584	lncRNA	not protein-coding; removed by the Phase 2 mask rebuild
combined	DST-AS1	0.0254904783925857	1620	lncRNA	not protein-coding; removed by the Phase 2 mask rebuild
combined	ATXN8OS	0.0259786999999999	1654	lncRNA	not protein-coding; removed by the Phase 2 mask rebuild
EUR	TMC3-AS1	9.05487101143798e-06	1	lncRNA	not protein-coding; removed by the Phase 2 mask rebuild
EUR	SLCO1B7	9.07722255361065e-05	8	transcribed_unprocessed_pseudogene	not protein-coding; removed by the Phase 2 mask rebuild
EUR	TRGV9	0.0005794503627949	47	TR_V_gene	not protein-coding; removed by the Phase 2 mask rebuild
EUR	NUP153-AS1	0.0037733177665201	268	lncRNA	not protein-coding; removed by the Phase 2 mask rebuild
EUR	RUFY1-AS1	0.0056668659163308	384	lncRNA	not protein-coding; removed by the Phase 2 mask rebuild
EUR	AGAP13P	0.0076826864548924	489	transcribed_unprocessed_pseudogene	not protein-coding; removed by the Phase 2 mask rebuild
EUR	PDPR2P	0.0078762504212738	503	lncRNA	not protein-coding; removed by the Phase 2 mask rebuild
EUR	TNS2-AS1	0.0078831839688916	504	lncRNA	not protein-coding; removed by the Phase 2 mask rebuild
EUR	MUC19	0.0079669840546846	514	protein_coding_CDS_not_defined	not protein-coding; removed by the Phase 2 mask rebuild
EUR	SMPD5	0.0083278589507018	538	transcribed_unitary_pseudogene	not protein-coding; removed by the Phase 2 mask rebuild
EUR	MYO18B-AS1	0.0085248316058695	547	lncRNA	not protein-coding; removed by the Phase 2 mask rebuild
EUR	ASB16-AS1	0.0109252613282032	691	lncRNA	not protein-coding; removed by the Phase 2 mask rebuild
EUR	APRG1	0.0109276008210215	692	lncRNA	not protein-coding; removed by the Phase 2 mask rebuild
EUR	NAT8B	0.0120446421038838	753	protein_coding_LoF	not protein-coding; removed by the Phase 2 mask rebuild
EUR	EP300-AS1	0.0128428972398412	812	lncRNA	not protein-coding; removed by the Phase 2 mask rebuild
EUR	STON1-GTF2A1L	0.01515117	954	protein_coding_CDS_not_defined	not protein-coding; removed by the Phase 2 mask rebuild
EUR	DST-AS1	0.0159974953366151	1000	lncRNA	not protein-coding; removed by the Phase 2 mask rebuild
EUR	ADAMTS9-AS1	0.01828633	1125	lncRNA	not protein-coding; removed by the Phase 2 mask rebuild
EUR	DAOA-AS1	0.0191489817491416	1169	lncRNA	not protein-coding; removed by the Phase 2 mask rebuild
EUR	CCDC162P	0.0191806157441258	1170	transcribed_unitary_pseudogene	not protein-coding; removed by the Phase 2 mask rebuild
EUR	CTCF-DT	0.0195067700000001	1182	lncRNA	not protein-coding; removed by the Phase 2 mask rebuild
EUR	ATXN8OS	0.0202237300000001	1218	lncRNA	not protein-coding; removed by the Phase 2 mask rebuild
EUR	BMAL2-AS1	0.0222647433194284	1336	lncRNA	not protein-coding; removed by the Phase 2 mask rebuild
EUR	RANBP3-DT	0.0233452530349885	1398	lncRNA	not protein-coding; removed by the Phase 2 mask rebuild
EUR	DSCAS	0.0239375261679242	1428	lncRNA	not protein-coding; removed by the Phase 2 mask rebuild
AFR	SEMA6A-AS1	0.003335035	280	lncRNA	not protein-coding; removed by the Phase 2 mask rebuild
AFR	AGAP13P	0.003501946	292	transcribed_unprocessed_pseudogene	not protein-coding; removed by the Phase 2 mask rebuild
AFR	USP3-AS1	0.0038230799999999	320	lncRNA	not protein-coding; removed by the Phase 2 mask rebuild
AFR	FER1L6-AS2	0.0038411569999999	324	lncRNA	not protein-coding; removed by the Phase 2 mask rebuild
AFR	PRSS46P	0.0044571139999999	376	lncRNA	not protein-coding; removed by the Phase 2 mask rebuild
AFR	SERP2	0.0054467099999999	452	nonsense_mediated_decay	not protein-coding; removed by the Phase 2 mask rebuild
AFR	GHRH	0.005913583077776	486	protein_coding	not protein-coding; removed by the Phase 2 mask rebuild
AFR	HHIP-AS1	0.0079171829999999	649	lncRNA	not protein-coding; removed by the Phase 2 mask rebuild
AFR	RTEL1-TNFRSF6B	0.0086162029999999	692	protein_coding_CDS_not_defined	not protein-coding; removed by the Phase 2 mask rebuild
AFR	MIR205HG	0.0103732454945441	824	lncRNA	not protein-coding; removed by the Phase 2 mask rebuild
AFR	SZT2-AS1	0.01085883	851	lncRNA	not protein-coding; removed by the Phase 2 mask rebuild
AFR	CCL19	0.0117081299999999	918	protein_coding	not protein-coding; removed by the Phase 2 mask rebuild
AFR	H2AZ1-DT	0.0118966043543638	934	lncRNA	not protein-coding; removed by the Phase 2 mask rebuild
AFR	ELOC	0.01193739	937	protein_coding	not protein-coding; removed by the Phase 2 mask rebuild
AFR	CA3-AS1	0.0122654800000001	968	lncRNA	not protein-coding; removed by the Phase 2 mask rebuild
AFR	HLA-F-AS1	0.01322112	1041	lncRNA	not protein-coding; removed by the Phase 2 mask rebuild
AFR	BDNF-AS	0.0162011399999999	1234	lncRNA	not protein-coding; removed by the Phase 2 mask rebuild
AFR	DEFB103B	0.0163589	1246	protein_coding	not protein-coding; removed by the Phase 2 mask rebuild
AFR	PROSER2-AS1	0.01669951	1272	lncRNA	not protein-coding; removed by the Phase 2 mask rebuild
AFR	ZNF385B	0.01724169	1306	protein_coding	not protein-coding; removed by the Phase 2 mask rebuild
AFR	ZSWIM8-AS1	0.01763162	1331	lncRNA	not protein-coding; removed by the Phase 2 mask rebuild
AFR	AP2S1	0.0185593451455932	1391	protein_coding	not protein-coding; removed by the Phase 2 mask rebuild
AFR	PRICKLE2-AS3	0.02120348	1568	lncRNA	not protein-coding; removed by the Phase 2 mask rebuild
AFR	LINC02914	0.02174723	1602	lncRNA	not protein-coding; removed by the Phase 2 mask rebuild
AFR	FANCD2P2	0.0224056200000001	1652	unprocessed_pseudogene	not protein-coding; removed by the Phase 2 mask rebuild
