rank	Region	Mask	max_MAF	Pvalue	Pvalue_Burden	Pvalue_SKAT	BETA_Burden	MAC	MAC_case	MAC_control	Number_rare	Number_ultra_rare	bar_per_gene	fragile	why_fragile
1	CFH	pLOF	0.0001	7.22823550812557e-06	7.22823550812557e-06	7.22823550812557e-06	4.59200634502149	5	5	0	0	4	2.810725729383327e-06	True	collapsed to one unit, MAC=5
2	MLLT6	pDM	0.0001	8.48952200000001e-06	8.48952200000001e-06	8.48952200000001e-06	4.4838311260561	6	5	1	0	5	2.810725729383327e-06	True	collapsed to one unit, MAC=6
3	ACLY	pLOF_pDM	0.0001	1.28093e-05	1.28093e-05	1.28093e-05	1.90513563252349	44	15	29	0	36	2.810725729383327e-06	True	collapsed to one unit
4	TMOD2	pLOF_pDM	0.001	3.71419700000001e-05	3.71419700000001e-05	3.71419700000001e-05	2.04354155967996	29	12	17	0	17	2.810725729383327e-06	True	collapsed to one unit
5	LGALS8	pLOF	0.001	4.02646518231631e-05	0.0062662743885991	2.32016144636749e-05	1.12890726139745	53	13	40	2	13	2.810725729383327e-06	True	burden disagrees
6	ZNF677	pDM	0.0001	4.78700799999992e-05	4.78700799999992e-05	4.78700799999992e-05	3.0267153155958	13	7	6	0	9	2.810725729383327e-06	True	collapsed to one unit, MAC=13
7	MAP9	pLOF	0.001	4.9665447260594e-05	0.0719563187596374	3.11986269343478e-05	0.721757040325493	58	11	47	2	16	2.810725729383327e-06	True	burden disagrees
8	AK8	pDM	0.0001	5.33137600000002e-05	5.33137600000002e-05	5.33137600000002e-05	2.48011749545709	21	9	12	0	20	2.810725729383327e-06	True	collapsed to one unit
9	ENTREP1	pLOF_pDM	0.0001	6.21621999999994e-05	6.21621999999994e-05	6.21621999999994e-05	2.99161350673351	14	7	7	0	12	2.810725729383327e-06	True	collapsed to one unit, MAC=14
10	ARHGEF7	pLOF_pDM	0.0001	7.93914699999993e-05	7.93914699999993e-05	7.93914699999993e-05	2.25680370466982	22	10	12	0	17	2.810725729383327e-06	True	collapsed to one unit
11	CELSR1	pDM	0.001	0.0001515197513632	0.0001410569883679	0.0017767249375466	1.07571711667126	132	27	105	1	65	2.810725729383327e-06	False	-
12	DGKG	pLOF_pDM	0.0001	0.0001570409	0.0001570409	0.0001570409	1.57456541666861	54	15	39	0	43	2.810725729383327e-06	True	collapsed to one unit
13	GRIN2C	pLOF_pDM	0.0001	0.0001641429	0.0001641429	0.0001641429	1.58224068379804	52	15	37	0	44	2.810725729383327e-06	True	collapsed to one unit
14	FAH	pLOF	0.0001	0.0001654802	0.0001654802	0.0001654802	3.43584218909561	9	5	4	0	8	2.810725729383327e-06	True	collapsed to one unit, MAC=9
15	EPS8L1	pLOF_pDM	0.001	0.0001716080028124	0.0002477876783433	0.000178838044656	1.6604543632931	42	13	29	1	21	2.810725729383327e-06	False	-
16	TSPAN33	pDM	0.001	0.0001876591	0.0001876591	0.0001876591	3.44365955057325	8	5	3	0	4	2.810725729383327e-06	True	collapsed to one unit, MAC=8
17	THAP3	pLOF	0.01	0.0002370910804987	0.0004726835394703	0.0002249397673376	1.28729443127563	58	18	40	1	2	2.810725729383327e-06	False	-
18	MEPE	pLOF	0.0001	0.0002403947	0.0002403947	0.0002403947	2.92488141276303	12	6	6	0	9	2.810725729383327e-06	True	collapsed to one unit, MAC=12
19	BRIP1	pLOF	0.0001	0.0002574878	0.0002574878	0.0002574878	3.2683511749144	12	5	7	0	12	2.810725729383327e-06	True	collapsed to one unit, MAC=12
20	PARD3B	pLOF	0.001	0.0002592922	0.0002592922	0.0002592922	2.31122437749591	22	8	14	0	17	2.810725729383327e-06	True	collapsed to one unit
21	ZFTA	pLOF	0.0001	0.0002598106999999	0.0002598106999999	0.0002598106999999	4.07284142644143	5	4	1	0	6	2.810725729383327e-06	True	collapsed to one unit, MAC=5
22	PACS2	pLOF_pDM	0.0001	0.0002625698	0.0002625698	0.0002625698	2.80731317889649	16	6	10	0	13	2.810725729383327e-06	True	collapsed to one unit, MAC=16
23	CYBC1	pDM	0.0001	0.0002916570999999	0.0002916570999999	0.0002916570999999	3.23901012992663	10	5	5	0	8	2.810725729383327e-06	True	collapsed to one unit, MAC=10
24	UBASH3B	pDM	0.0001	0.0003150892999999	0.0003150892999999	0.0003150892999999	2.31186847690355	20	8	12	0	17	2.810725729383327e-06	True	collapsed to one unit
25	ADH1C	pLOF_pDM	0.0001	0.0003255801999999	0.0003255801999999	0.0003255801999999	2.78764889795284	15	6	9	0	13	2.810725729383327e-06	True	collapsed to one unit, MAC=15
26	BPIFA1	pLOF_pDM	0.001	0.0003272865999999	0.0003272865999999	0.0003272865999999	2.48562421880078	19	7	12	0	8	2.810725729383327e-06	True	collapsed to one unit, MAC=19
27	DYNLT5	pLOF_pDM	0.0001	0.0003349623999999	0.0003349623999999	0.0003349623999999	3.94688015011489	6	4	2	0	5	2.810725729383327e-06	True	collapsed to one unit, MAC=6
28	VEGFB	pLOF	0.0001	0.0003600353	0.0003600353	0.0003600353	3.18822164475942	10	5	5	0	8	2.810725729383327e-06	True	collapsed to one unit, MAC=10
29	OR6C3	pLOF_pDM	0.0001	0.0003603932	0.0003603932	0.0003603932	3.79321227575224	6	4	2	0	5	2.810725729383327e-06	True	collapsed to one unit, MAC=6
30	CFAP61	pLOF	0.01	0.0003933867963181	0.0003009205526081	0.0010071570449634	1.06711312240374	115	25	90	1	26	2.810725729383327e-06	False	-
