rank	Region	p	clingen	arm
1	TMC3-AS1	1.3581181747046589e-05		Elena
2	SIX1	0.000162531187620496	Definitive	Elena
3	CHGB	0.00016629785859689772		Elena
4	SLCO1B7	0.00017855546790024324		Elena
5	BPTF	0.00020374012643364914		Elena
6	GYS2	0.000253370043458212		Elena
7	MCC	0.000295259640410106		Elena
8	C1D	0.00030541128112016036		Elena
9	CLEC4E	0.0003912484314020914		Elena
10	SLC39A1	0.00045982976682790166		Elena
11	OVCH2	0.0005705664380711295		Elena
12	RAB39A	0.0006100771043202613		Elena
13	OXGR1	0.0006182764942583852		Elena
14	PRAMEF15	0.0006894359702034336		Elena
15	ZNF654	0.0006927878135370991		Elena
16	PTPN23	0.0007893215916058849		Elena
17	OR10G8	0.0008886996411044401		Elena
18	PSMA7	0.0008975841534516471		Elena
19	EDARADD	0.0009247102757343195		Elena
20	CDK5RAP2	0.0009300294696993894		Elena
21	TJAP1	0.000955501383324231		Elena
22	MEN1	0.0009579971365167861		Elena
23	MGRN1	0.0009580326837761444		Elena
24	TMPRSS3	0.0010102063073849643	Definitive	Elena
25	NR2F1	0.0012517395937451936		Elena
26	PTCHD4	0.001351920500692716		Elena
27	EEF2	0.0013737602471126653		Elena
28	SPMAP2	0.0014210586541934522		Elena
29	CFAP157	0.0014228579003374153		Elena
30	LETM1	0.0014523665594448065		Elena
31	BRCA1	0.0015277286957802727		Elena
32	COCH	0.0016136027543898201	Definitive	Elena
33	CACNA1G	0.0016945081739078716		Elena
34	ZNF467	0.0018644477361411949		Elena
35	FGF7	0.0018645823173123466		Elena
36	TMOD4	0.002024541565545601		Elena
37	ZNF705G	0.0020602055777582673		Elena
38	NIPSNAP2	0.0020914063714355113		Elena
39	CCDC122	0.002155932613278344		Elena
40	MAPK9	0.0021907216442644817		Elena
41	UNC119	0.0021918245093514033		Elena
42	TPRN	0.0022536679986001618	Definitive	Elena
43	ROCK1	0.0022635591108599584		Elena
44	RECQL	0.002295436574318188		Elena
45	JPH4	0.0023256700693652377		Elena
46	HUS1B	0.002350596666893412		Elena
47	UNC79	0.002384299449171401		Elena
48	YBX2	0.002389845911994315		Elena
49	PERP	0.0024658136355382165		Elena
50	CASR	0.002642697752302192		Elena
1	ATP13A4	6.905988850580691e-05		Replication
2	CHGB	0.0001704363227714		Replication
3	FGD3	0.0001937884211648		Replication
4	SIX1	0.0002216584335762	Definitive	Replication
5	PSMA7	0.0002509729854427		Replication
6	PSG8	0.0002824205484053		Replication
7	DEFA5	0.0003036185290249		Replication
8	BPTF	0.0003197344906125		Replication
9	GYS2	0.0003569915256974		Replication
10	EPS8L2	0.0005334957715577	Moderate	Replication
11	OR10G8	0.0007006168283805		Replication
12	DHCR7	0.000735755914257		Replication
13	ESRP2	0.0007705495399759		Replication
14	GABRA1	0.0007831105251543		Replication
15	VEZF1	0.0008176986834784		Replication
16	C1D	0.0008518871033555		Replication
17	GATB	0.0008947100229259		Replication
18	LSMEM2	0.0009795876075702		Replication
19	TPRN	0.0009823036108442	Definitive	Replication
20	PGS1	0.0010092710589477		Replication
21	CNN1	0.0011295985037214		Replication
22	SAMM50	0.0011795132775406		Replication
23	PTCHD4	0.0011806135556468		Replication
24	STK32C	0.0011898512117335		Replication
25	LETM1	0.0012790649796288		Replication
26	NFE2L3	0.0013269968639494		Replication
27	TJAP1	0.0013591526210804		Replication
28	PTPN23	0.0013856500103858		Replication
29	FRYL	0.0014199715422436		Replication
30	ODR4	0.0014344487334739		Replication
31	PCBD1	0.0014451030403345		Replication
32	FGF7	0.0014735012397626		Replication
33	ST3GAL1	0.0015309834430771		Replication
34	JPH4	0.0016315339370531		Replication
35	ARTN	0.0017013097266453		Replication
36	CFAP157	0.0017049128412279		Replication
37	CLEC12B	0.0017268350971326		Replication
38	REG3A	0.0019926743034006		Replication
39	ANO10	0.0020436276188853		Replication
40	SNORC	0.0021078221155394		Replication
41	CES1	0.0021449129590975		Replication
42	CACNG5	0.0022117695242431		Replication
43	ZNF467	0.0023367485005026		Replication
44	RGSL1	0.0024349363059127		Replication
45	CYBA	0.0024412380002044		Replication
46	PERP	0.0024519006153679		Replication
47	USP4	0.0025674680066777		Replication
48	KRT27	0.0025865566890023		Replication
49	CHAF1B	0.0025995082213664		Replication
50	UNC119	0.0026058719997847		Replication
1	FBXO25	1.36587372316624e-05		Bilateral
2	PCBD1	1.75372712489796e-05		Bilateral
3	TJAP1	3.15564794319823e-05		Bilateral
4	OXGR1	3.41053666436109e-05		Bilateral
5	ODR4	5.99952742565968e-05		Bilateral
6	PERP	0.0002512337152676		Bilateral
7	H2BC12	0.0003723285938794		Bilateral
8	PTPN22	0.0004316208313879		Bilateral
9	ATP13A4	0.0004703241272403		Bilateral
10	PALS1	0.0005962277224033		Bilateral
11	UBAC1	0.0006695899552551		Bilateral
12	SEMA4F	0.000691885741433		Bilateral
13	ROCK1	0.000759444295691		Bilateral
14	TATDN1	0.0007697920467891		Bilateral
15	CIMAP3	0.0008357198088322		Bilateral
16	FAM83A	0.0008761211490846		Bilateral
17	KAT2A	0.0008982924108843		Bilateral
18	SRPRB	0.000957841250569		Bilateral
19	TNFRSF10C	0.0009787032452481		Bilateral
20	GABRA1	0.000980736924197		Bilateral
21	SHISA3	0.0010932616600561		Bilateral
22	OR6F1	0.0011965737546322		Bilateral
23	DEFA5	0.0012650372849896		Bilateral
24	PIP4P2	0.0013165342453826		Bilateral
25	HCAR3	0.0013849155830576		Bilateral
26	CHAF1B	0.0013853766094403		Bilateral
27	GPR141	0.0014350732603096		Bilateral
28	INS	0.001527130927337		Bilateral
29	CYP2A7	0.0015288765709136		Bilateral
30	ALKBH4	0.0015461996053161		Bilateral
31	ADAMTS10	0.0015653552434593		Bilateral
32	ATL2	0.0015797658368743		Bilateral
33	MGRN1	0.0016236057110294		Bilateral
34	RAPGEF2	0.0016377010620647		Bilateral
35	LSMEM2	0.0016774582068324		Bilateral
36	SNX11	0.0017707534974282		Bilateral
37	PLAC9	0.0018335452974396		Bilateral
38	SNRNP40	0.0018427982760117		Bilateral
39	TMEM120A	0.0018622169265503		Bilateral
40	STYXL2	0.0018650691586221		Bilateral
41	POLH	0.0019195161267595		Bilateral
42	CSE1L	0.001969256101213		Bilateral
43	NFE2L3	0.0019860306888066		Bilateral
44	CRYAA	0.0020531087479702		Bilateral
45	C1D	0.0020568348000311		Bilateral
46	ATG4C	0.0020657677738311		Bilateral
47	MPIG6B	0.0020667172126587		Bilateral
48	LTB	0.002252949606865		Bilateral
49	MSMO1	0.0022564064190917		Bilateral
50	CEACAM21	0.0023237187191368		Bilateral
