rank	Region	Mask	max_MAF	Pvalue	q_panel	q_cohort	Pvalue_Burden	Pvalue_SKAT	BETA_Burden	MAC	MAC_case	MAC_control	Number_rare	Number_ultra_rare	bar_per_gene	fragile	why_fragile
1	PCBD1	pLOF	0.001	4.8452404618482e-06	0.08617744685443209	0.26588156205956476	0.0005920385476476	4.00959607793627e-06	1.92512470821401	41.0	9.0	32.0	2.0	8.0	2.7869126581572935e-06	True	burden disagrees
2	TJAP1	pDM	0.0001	8.31612740163409e-06	0.14598961653568643	0.26588156205956476	8.31612740163409e-06	8.31612740163409e-06	1.79107710192194	94.0	16.0	78.0	0.0	51.0	2.7869126581572935e-06	True	collapsed to one unit
3	LSMEM2	pLOF	0.0001	2.39664826996322e-05	0.4260521629513616	0.6385429929800839	2.39664826996322e-05	2.39664826996322e-05	2.53862281037893	32.0	9.0	23.0	0.0	16.0	2.7869126581572935e-06	True	collapsed to one unit
4	FBXO25	pLOF	0.0001	5.20545365183881e-05	0.4626867478436926	0.756489650299364	5.20545365183881e-05	5.20545365183881e-05	2.60019889205877	31.0	8.0	23.0	0.0	25.0	2.7869126581572935e-06	True	collapsed to one unit
5	CHP2	pDM	0.001	9.45225054297394e-05	0.823860886532722	0.8911321900461175	5.94478079044558e-05	0.0005063813284269	1.54796719696292	135.0	16.0	119.0	2.0	21.0	2.7869126581572935e-06	False	-
6	ENKD1	pLOF_pDM	0.0001	0.0001197983326634	0.973324919266179	0.8911321900461175	0.0001197983326634	0.0001197983326634	1.92231888342471	64.0	11.0	53.0	0.0	32.0	2.7869126581572935e-06	True	collapsed to one unit
7	POLH	pLOF	0.0001	0.0001740000336372	0.7376083115251473	0.8911321900461175	0.0001740000336372	0.0001740000336372	1.85341048241685	49.0	11.0	38.0	0.0	31.0	2.7869126581572935e-06	True	collapsed to one unit
8	ODR4	pLOF_pDM	0.0001	0.0002122168704002	0.973324919266179	0.8911321900461175	0.0002122168704002	0.0002122168704002	2.52457847982853	29.0	7.0	22.0	0.0	24.0	2.7869126581572935e-06	True	collapsed to one unit
9	C17orf67	pDM	0.0001	0.0002395643969288	0.9749287035547114	0.8911321900461175	0.0002395643969288	0.0002395643969288	2.44582703793568	19.0	7.0	12.0	0.0	12.0	2.7869126581572935e-06	True	collapsed to one unit, MAC=19
10	MCC	pLOF	0.0001	0.0002515882450652	0.7376083115251473	0.8911321900461175	0.0002515882450652	0.0002515882450652	1.68283468121604	76.0	12.0	64.0	0.0	39.0	2.7869126581572935e-06	True	collapsed to one unit
11	PALS1	pLOF	0.0001	0.0002809625183393	0.7376083115251473	0.8911321900461175	0.0002809625183393	0.0002809625183393	3.79489932964406	9.0	4.0	5.0	0.0	8.0	2.7869126581572935e-06	True	collapsed to one unit, MAC=9
12	TMEM120A	pLOF	0.001	0.0002924958628237	0.7084624723876255	0.8911321900461175	0.000347836212367	0.0005774814833019	1.09771816408482	164.0	22.0	142.0	3.0	45.0	2.7869126581572935e-06	False	-
13	OXGR1	pDM	0.0001	0.0003003629140438	0.9749287035547114	0.8911321900461175	0.0003003629140438	0.0003003629140438	1.76244168837199	59.0	11.0	48.0	0.0	32.0	2.7869126581572935e-06	True	collapsed to one unit
14	APCDD1L	pLOF	0.0001	0.0003092200794373	0.7376083115251473	0.8911321900461175	0.0003092200794373	0.0003092200794373	2.2017558118529	40.0	8.0	32.0	0.0	26.0	2.7869126581572935e-06	True	collapsed to one unit
15	ACSM3	pDM	0.01	0.0004055320178474	0.8849547443708525	0.8911321900461175	0.0003299053638716	0.0042975708428814	-0.403296448079145	1420.0	55.0	1365.0	5.0	44.0	2.7869126581572935e-06	False	-
16	RAPGEFL1	pLOF	0.0001	0.0004215013528083	0.7376083115251473	0.8911321900461175	0.0004215013528083	0.0004215013528083	3.63352793118566	13.0	4.0	9.0	0.0	13.0	2.7869126581572935e-06	True	collapsed to one unit, MAC=13
17	KCNE2	pLOF_pDM	0.001	0.0004315557703473	0.7356533705903758	0.8911321900461175	0.0002339144599838	0.0016135201513769	0.937153872632009	181.0	31.0	150.0	2.0	25.0	2.7869126581572935e-06	False	-
18	LRRC19	pLOF_pDM	0.0001	0.0004455904086693	0.973324919266179	0.8911321900461175	0.0004455904086693	0.0004455904086693	1.93802926717659	62.0	9.0	53.0	0.0	32.0	2.7869126581572935e-06	True	collapsed to one unit
19	MFSD3	pDM	0.001	0.0004596847719394	0.823860886532722	0.8911321900461175	0.0002661430298656	0.0032781725751618	1.19176022022867	181.0	20.0	161.0	3.0	41.0	2.7869126581572935e-06	False	-
20	UBAC1	pLOF_pDM	0.01	0.0004722254830437	0.8666017872845814	0.8911321900461175	0.095274171289763	0.0002595844149013	0.399911636805723	342.0	25.0	317.0	2.0	45.0	2.7869126581572935e-06	True	burden disagrees
21	RREB1	pDM	0.001	0.0004985069729063	0.823860886532722	0.8911321900461175	0.174189329830199	0.0002394915040073	0.302642303968234	340.0	28.0	312.0	6.0	91.0	2.7869126581572935e-06	True	burden disagrees
22	ZNF446	pLOF_pDM	0.001	0.0005107291404437	0.7356533705903758	0.8911321900461175	0.0007300653695174	0.0005737925679129	0.669453160367374	371.0	45.0	326.0	8.0	74.0	2.7869126581572935e-06	False	-
23	ABHD4	pLOF	0.001	0.0005129288821179	0.7084624723876255	0.8911321900461175	0.0459279699735724	0.0003973209202864	0.79377809507041	115.0	11.0	104.0	1.0	21.0	2.7869126581572935e-06	False	-
24	PENK	pLOF_pDM	0.0001	0.0005133237355069	0.973324919266179	0.8911321900461175	0.0005133237355069	0.0005133237355069	1.35913150657278	98.0	15.0	83.0	0.0	45.0	2.7869126581572935e-06	True	collapsed to one unit
25	INS	pDM	0.001	0.000515195695029	0.823860886532722	0.8911321900461175	0.0004544779168302	0.0037276724887246	1.93757860987749	55.0	9.0	46.0	1.0	9.0	2.7869126581572935e-06	False	-
26	BTN2A1	pLOF_pDM	0.0001	0.0005202213125406	0.973324919266179	0.8911321900461175	0.0005202213125406	0.0005202213125406	1.24963841240303	137.0	17.0	120.0	0.0	66.0	2.7869126581572935e-06	True	collapsed to one unit
27	ADGRL2	pDM	0.001	0.0005303449361607	0.823860886532722	0.8911321900461175	0.0003996344018405	0.00656362778281	0.726656205416994	449.0	42.0	407.0	5.0	145.0	2.7869126581572935e-06	False	-
28	H2BC12	pLOF	0.0001	0.0005311963888164	0.7376083115251473	0.8911321900461175	0.0005311963888164	0.0005311963888164	2.96936745771784	12.0	5.0	7.0	0.0	6.0	2.7869126581572935e-06	True	collapsed to one unit, MAC=12
29	MALT1	pLOF	0.0001	0.0005332729109982	0.7376083115251473	0.8911321900461175	0.0005332729109982	0.0005332729109982	2.32522303040703	26.0	7.0	19.0	0.0	18.0	2.7869126581572935e-06	True	collapsed to one unit
30	OR10G8	pLOF_pDM	0.001	0.0005555680366667	0.7356533705903758	0.8911321900461175	0.000365696723841	0.0020855477977006	2.37913359409139	34.0	7.0	27.0	1.0	9.0	2.7869126581572935e-06	False	-
