chrom	plof_variants	with_real_lof	no_real_lof	pct_no_real_lof
1	111412	40908	70504	63.3
2	80332	28186	52146	64.9
3	63549	22819	40730	64.1
4	42740	16299	26441	61.9
5	47122	17336	29786	63.2
6	53816	20589	33227	61.7
7	53076	18965	34111	64.3
8	39713	14088	25625	64.5
9	45799	16201	29598	64.6
10	43427	15549	27878	64.2
11	66871	25290	41581	62.2
12	61540	21611	39929	64.9
13	18766	7098	11668	62.2
14	34805	12799	22006	63.2
15	39141	13733	25408	64.9
16	56367	19338	37029	65.7
17	69084	24231	44853	64.9
18	16364	5890	10474	64.0
19	81798	31983	49815	60.9
20	27291	9390	17901	65.6
21	11033	3860	7173	65.0
22	25830	8911	16919	65.5
TOTAL	1089876	395074	694802	63.8
