gene	best_classification
ABCC1	Limited
ABHD12	Definitive
ACTG1	Definitive
ADCY1	Limited
ADGRV1	Definitive
AFG2B	Limited
AIFM1	Definitive
ALMS1	Definitive
ATP11A	Moderate
ATP2B2	Definitive
ATP6V1B1	Definitive
BCS1L	Definitive
BDP1	Limited
BSND	Definitive
BTD	Definitive
CABP2	Definitive
CACNA1D	Moderate
CCDC50	Limited
CD164	Moderate
CDC14A	Definitive
CDH23	Definitive
CEACAM16	Strong
CEMIP	Disputed
CEP250	Definitive
CEP78	Strong
CHD7	Definitive
CIB2	Definitive
CISD2	Definitive
CLDN14	Definitive
CLDN9	Moderate
CLPP	Definitive
CLRN1	Definitive
CLRN2	Moderate
COCH	Definitive
COL11A1	Moderate
COL11A2	Definitive
COL4A5	Definitive
COL4A6	Limited
COL9A1	Definitive
COL9A2	Limited
COL9A3	Definitive
CRYM	Limited
DCDC2	Limited
DIABLO	Limited
DIAPH1	Definitive
DIAPH3	Limited
DMXL2	Limited
DNMT1	Definitive
DSPP	Definitive
EDN3	Moderate
EDNRB	Moderate
ELMOD3	Limited
EPS8	Moderate
EPS8L2	Moderate
ESPN	Definitive
ESRP1	Limited
ESRRB	Definitive
EYA1	Definitive
EYA4	Definitive
FGF3	Definitive
FOXI1	Limited
GATA3	Definitive
GIPC3	Definitive
GJA1	Disputed
GJB2	Definitive
GJB3	Definitive
GJB6	Definitive
GPSM2	Definitive
GRAP	Limited
GRHL2	Definitive
GRXCR1	Definitive
GRXCR2	Moderate
GSDME	Definitive
HARS1	Refuted
HARS2	Limited
HGF	Moderate
HOMER2	Moderate
HSD17B4	Definitive
ILDR1	Definitive
KARS1	Limited
KCNJ10	Disputed
KCNQ1	Definitive
KCNQ4	Definitive
KITLG	Limited
LARS2	Definitive
LHFPL5	Definitive
LMX1A	Definitive
LOXHD1	Definitive
LRTOMT	Definitive
MARVELD2	Definitive
MCM2	Limited
MET	Limited
MINAR2	Strong
MIR96	Moderate
MITF	Definitive
MPZL2	Strong
MSRB3	Definitive
MYH14	Moderate
MYH9	Definitive
MYO15A	Definitive
MYO1A	Refuted
MYO1C	Disputed
MYO1F	Disputed
MYO3A	Definitive
MYO6	Definitive
MYO7A	Definitive
NARS2	Limited
OSBPL2	Moderate
OTOA	Definitive
OTOF	Definitive
OTOG	Definitive
OTOGL	Definitive
P2RX2	Moderate
PAX3	Definitive
PCDH15	Limited
PDE1C	Limited
PDZD7	Definitive
PJVK	Definitive
PLS1	Moderate
POU3F4	Definitive
POU4F3	Definitive
PPIP5K2	Limited
PRPS1	Definitive
PTPRQ	Definitive
RDX	Definitive
RIPOR2	Strong
ROR1	Limited
S1PR2	Strong
SCD5	Limited
SERPINB6	Moderate
SIX1	Definitive
SIX5	Disputed
SLC17A8	Definitive
SLC22A4	Limited
SLC26A4	Definitive
SLC26A5	Limited
SLC44A4	Limited
SLC52A2	Definitive
SLC52A3	Definitive
SLITRK6	Definitive
SMPX	Definitive
SNAI2	Limited
SOX10	Definitive
SPNS2	Limited
STRC	Definitive
SYNE4	Moderate
TBC1D24	Definitive
TCOF1	Definitive
TECTA	Definitive
TIMM8A	Definitive
TJP2	Limited
TMC1	Definitive
TMEM132E	Limited
TMIE	Definitive
TMPRSS3	Definitive
TMTC2	Disputed
TNC	Limited
TPRN	Definitive
TRIOBP	Definitive
TSPEAR	Disputed
TWNK	Definitive
USH1C	Definitive
USH1G	Disputed
USH2A	Definitive
WBP2	Limited
WFS1	Definitive
WHRN	Definitive
